ssn,fname,minit,lname,bdate,address,sex,salary,superssn,dno
357069675,Andrew,G,Thompson,1974-04-27,5588 Park Way,F,54308.32,,29
199190212,Emily,J,Lee,1965-04-12,4677 Main Way,F,53769.01,,45
532557724,Steven,J,Hall,1978-08-16,5462 Lake St,M,115021.15,,31
983244394,Mark,J,Ramirez,1980-07-27,2539 Elm Ln,M,88200.07,,10
873074192,Mark,G,Nguyen,1995-10-25,7575 Oak Rd,F,98176.04,,33
780104381,Kenneth,W,Jones,1964-11-05,8453 Main Ave,F,86740.0,,6
427487069,Jennifer,K,Torres,1995-08-18,3104 Washington Way,M,38019.28,,30
775890502,Daniel,A,Hernandez,1981-08-11,5616 Elm Blvd,F,59815.83,,31
522240582,Steven,R,Thomas,1968-10-12,897 Oak Rd,F,37925.56,,1
273265999,David,A,Hill,1961-03-10,2134 Park Way,M,30086.09,,50
663665435,Joshua,D,White,1962-02-09,5568 Maple Ave,M,94933.48,,39
285627380,David,G,Gonzalez,1963-01-14,1383 Washington Dr,M,128434.06,,18
826764882,Christopher,H,Roberts,1962-06-08,1706 Pine Way,M,68819.21,,16
742178343,Mark,L,Rodriguez,1972-06-21,748 Park Way,F,117571.62,,16
776690635,Margaret,P,Lee,1956-07-22,2038 Park St,M,118274.88,,39
846698400,Deborah,K,Rodriguez,1988-09-14,802 Maple St,F,50894.33,,27
861314243,Emily,S,Robinson,1986-02-28,2525 Elm Ln,M,46485.38,,20
313796035,John,B,Lewis,1967-01-19,5923 Oak Ln,F,74019.38,,2
686291021,Richard,L,Gonzalez,1976-05-10,4596 Pine Blvd,F,21109.4,,21
707906889,David,H,Green,1981-11-12,3792 Cedar Way,M,117808.22,,4
826991279,Kevin,C,Allen,1980-04-16,5306 Lake St,F,71682.54,,47
139956218,Lisa,S,Davis,1961-04-18,2322 Washington Ct,F,103639.23,,1
510753814,Michelle,H,Young,1992-03-08,7655 Cedar Ct,F,103347.59,,1
884185895,Donna,L,Torres,1984-12-16,2843 Elm Way,M,112147.86,,50
733036411,Brian,W,Baker,1993-10-22,9504 Main Ct,F,31828.4,,33
384528891,Betty,H,Anderson,1971-05-03,9446 Washington Dr,M,114065.47,,32
965073062,Andrew,B,Thompson,1959-07-20,1420 Park Ct,M,55166.09,,4
583724666,Brian,S,Jackson,1957-04-10,4732 Lincoln Ave,M,123912.96,,1
897940629,Brian,W,Clark,1992-12-24,2631 Washington Ave,F,99252.56,,1
101101330,Michelle,F,Robinson,1961-11-03,5260 Main Way,M,117179.1,,4
380004069,Emily,P,Jackson,1964-04-11,3868 Washington Dr,F,91583.53,,45
890954267,Karen,P,Hall,1955-07-27,6877 Washington Rd,M,126174.2,,33
699170422,Donald,E,Mitchell,1979-05-28,9509 Washington Dr,M,43069.29,,7
984609061,Sarah,L,Martinez,1981-09-02,6745 Cedar Way,M,116893.15,,30
142307777,John,E,Martin,1978-11-08,9706 Pine Ave,M,37046.63,,9
933737960,Kimberly,K,Flores,1994-12-15,9649 Maple Ct,M,92935.2,,25
760711935,Ashley,C,Gonzalez,1957-11-15,2912 Main Ave,M,46545.2,,26
964778305,Deborah,W,Hill,1969-06-10,4761 Lake Blvd,F,87556.66,,17
741234259,Thomas,C,Miller,1990-01-02,5553 Pine Ct,F,149576.13,,44
630536354,Emily,R,Anderson,1956-01-05,4403 Cedar Ct,M,104995.69,,20
510840544,Kenneth,K,Sanchez,1963-09-02,5520 Maple St,F,126119.57,,19
819068385,Kevin,G,Roberts,1994-03-26,4933 Pine Ln,F,46580.38,,31
442863523,Paul,E,Lee,1987-12-08,2609 Oak Way,F,117869.23,,38
547570239,Daniel,A,Martin,1993-07-06,7532 Pine Blvd,M,70094.24,,29
216159122,Nancy,B,Robinson,1960-04-17,795 Washington Ct,M,52045.39,,31
876539211,Susan,E,Wright,1966-04-26,243 Maple Blvd,F,86721.97,,3
323110563,Kenneth,G,Taylor,1960-03-08,2947 Park Ave,M,50215.06,,1
801835431,David,P,Hernandez,1958-02-11,3467 Pine Way,F,105877.73,,21
855737029,Deborah,N,Smith,1978-04-17,4746 Cedar Rd,F,129002.94,,28
998475164,Thomas,R,Ramirez,1955-02-02,9192 Oak Ave,M,25034.95,,3
695088987,Jennifer,L,Harris,1955-05-14,6453 Elm Dr,M,109091.08,,12
457865348,Daniel,W,Jones,1958-09-07,6032 Park Dr,M,128959.38,,27
556602863,Barbara,K,Flores,1973-06-04,4541 Lincoln Ln,F,125393.52,,47
608070753,Daniel,H,Baker,1995-07-14,6639 Elm Rd,F,97615.04,,13
854517058,Timothy,K,Perez,1977-01-06,2447 Lake Way,M,24256.24,,1
323769841,Paul,A,Nelson,1966-08-21,5039 Park Ave,M,119366.81,,20
478082887,Joshua,W,Allen,1968-12-04,832 Pine St,M,38416.75,,15
887700486,Sarah,H,Hall,1977-05-05,1782 Washington Rd,M,28487.31,,4
344507704,David,N,Green,1992-05-20,6854 Park Rd,M,75448.03,,24
902182950,Sandra,A,Thompson,1967-02-07,4767 Oak Blvd,F,74737.25,,23
829392084,Michael,E,Carter,1981-01-09,2178 Main Dr,M,112481.33,,17
656418530,Ashley,L,Hall,1955-01-22,3552 Washington Ave,F,67008.3,,18
348129275,Kevin,L,Anderson,1974-09-03,1631 Oak Ln,M,126624.1,,50
408849655,Brian,B,Harris,1979-07-26,5222 Park St,M,116677.1,,14
541513645,Karen,K,Allen,1991-09-17,468 Pine Ave,F,51387.64,,46
895583423,Dorothy,T,White,1958-09-26,2704 Elm Rd,F,37634.48,,35
741027901,Joseph,A,Scott,1978-04-14,9284 Washington Way,M,41225.03,,49
468475537,Matthew,M,Wilson,1974-07-20,9761 Lincoln St,F,147011.75,,33
826958713,Steven,E,Walker,1986-09-22,8822 Elm Way,M,100117.26,,49
982655420,Matthew,K,Green,1979-03-12,6222 Cedar St,M,72426.29,,16
777157408,Kimberly,W,Campbell,1975-08-10,4211 Park St,F,32866.72,,12
991092205,Carol,D,Perez,1993-02-27,4860 Lake Ct,F,132360.84,,9
943702118,Donna,L,Robinson,1983-08-22,3601 Park Ct,M,102708.4,,1
690279296,William,T,Smith,1970-12-13,5569 Lincoln Ct,F,114803.95,,40
412913089,Betty,M,Nelson,1991-02-02,2806 Cedar Ln,M,25062.49,,39
577091621,David,K,Perez,1985-03-08,1015 Park Rd,M,22757.03,,4
642954188,Paul,P,Martin,1955-07-24,8212 Maple Way,M,42054.0,,36
963760321,David,A,White,1994-11-13,8414 Maple Ave,F,44630.64,,45
220201918,Matthew,B,Rodriguez,1961-02-19,1909 Maple Ave,M,124705.02,,36
358099562,Barbara,K,Ramirez,1981-06-28,1155 Pine Way,F,127082.39,,43
581695135,William,P,Lopez,1972-08-08,1335 Lincoln Ave,M,102171.94,,1
323343526,Kenneth,K,Gonzalez,1962-10-03,6362 Maple Rd,M,24014.04,,34
534439603,Timothy,K,Campbell,1993-09-14,4282 Lincoln Way,F,36497.22,,31
541575005,Michael,T,Miller,1983-06-08,4741 Cedar Dr,M,23081.06,,7
995525718,Linda,C,Jackson,1964-05-07,6832 Main Ln,F,54652.16,,11
445649694,Stephanie,S,Anderson,1960-05-25,4953 Elm Ln,M,105732.5,,49
658621226,Jessica,M,Harris,1980-10-03,546 Washington Blvd,F,29448.32,,49
724073270,Charles,J,Martin,1957-08-14,6514 Pine Rd,M,113246.37,,38
185068029,Mary,J,Wilson,1964-09-24,8747 Washington Ave,F,27129.21,,1
566800454,Melissa,J,Wright,1971-07-16,3381 Maple Ct,F,37033.14,,15
453716302,Deborah,N,Lewis,1959-06-01,854 Washington Way,F,74870.63,,7
308656189,Linda,F,Nelson,1991-01-28,9092 Lincoln Ave,F,107319.08,,18
715481841,William,T,Taylor,1977-07-16,7384 Main Dr,M,123613.33,,5
585937780,Sandra,W,Garcia,1987-03-13,8470 Pine Blvd,M,120868.48,,14
595883160,Christopher,G,Perez,1989-11-10,6810 Cedar St,F,145233.49,,4
829211472,Betty,F,Smith,1986-11-04,6594 Lincoln Ave,M,38637.78,,27
514008800,Mark,T,Gonzalez,1980-04-03,4652 Washington Blvd,F,143694.3,,38
459771701,Paul,M,Davis,1966-07-18,6382 Elm Blvd,M,63825.04,,47
590951003,Susan,H,Rivera,1975-02-23,3435 Lincoln Dr,M,25880.4,,26
649309976,George,D,Jackson,1962-02-16,3354 Lake Dr,F,128094.85,,14
631824733,Joshua,F,Walker,1973-12-22,9796 Oak Ct,M,85985.97,,7
484943624,Ashley,T,Torres,1990-03-13,340 Cedar Ave,M,118936.82,,38
679036862,Stephanie,F,Johnson,1994-08-09,6333 Elm Ave,F,84336.77,,36
246351498,Daniel,K,Walker,1989-01-23,8159 Lincoln Rd,M,119563.0,,20
264073400,Melissa,G,Jones,1981-07-11,8990 Lincoln Way,M,66547.54,,1
355837418,Andrew,D,Martinez,1962-11-22,9106 Lincoln St,F,139593.58,,12
287884018,Linda,G,Johnson,1956-10-14,3077 Maple Ln,F,75368.09,,29
533165776,Jennifer,M,Anderson,1968-11-11,5524 Maple Rd,M,143540.08,,41
810001048,Sarah,H,Thomas,1974-10-03,1173 Cedar Ave,F,42071.3,,36
961407774,Joshua,B,Smith,1971-09-20,6341 Cedar Way,F,37190.97,,37
449230222,Charles,R,Miller,1975-06-07,1856 Pine Blvd,F,100519.34,,15
901149698,Deborah,D,Davis,1991-04-26,9676 Elm St,M,144608.37,,36
871880418,Donald,T,Clark,1981-10-03,2153 Maple Ave,F,33975.0,,1
804287932,Barbara,M,Adams,1991-06-15,2394 Cedar Rd,F,28867.31,,43
473391201,Richard,K,Green,1981-06-11,7843 Lake Blvd,M,24848.01,,2
218472553,Linda,M,Torres,1973-01-17,2611 Elm Ln,F,148832.61,,21
188418118,John,A,Gonzalez,1965-07-27,8134 Elm Rd,F,100006.56,,35
384296673,Carol,W,Nguyen,1967-04-26,2679 Washington Ave,F,120977.7,,21
238972343,Kimberly,K,Perez,1978-12-28,2199 Maple Ct,M,22302.27,,25
558565952,Carol,B,Martin,1962-05-12,4696 Maple Way,M,61579.32,,5
721262718,Kevin,S,Nelson,1995-01-09,806 Lake Ln,M,112739.66,,18
266430856,Margaret,D,Robinson,1981-01-21,7341 Main Dr,F,93015.76,,48
889646658,Timothy,S,Perez,1969-07-12,9745 Washington St,F,92033.99,,42
886685642,Joseph,B,Roberts,1966-08-24,6519 Cedar Blvd,M,91232.58,,23
636695255,Jennifer,L,Thompson,1994-09-24,3828 Maple Rd,M,138842.27,,7
820741213,Karen,G,Thomas,1983-01-21,822 Lake Way,F,122955.29,,47
454498073,Kevin,R,Campbell,1995-05-05,2429 Pine Ave,F,55848.78,,16
937881000,Margaret,T,Campbell,1979-03-04,1867 Oak Blvd,M,64735.67,,2
112019056,Betty,B,Allen,1955-02-17,4456 Lake St,F,134450.0,,10
668963471,Donald,L,Johnson,1992-03-25,6772 Pine Blvd,M,142408.02,,40
611106584,Patricia,A,Hall,1965-02-16,7209 Maple Ave,M,49869.64,,46
298328666,Margaret,N,Taylor,1989-07-20,8921 Lake Dr,F,110542.31,,37
707536579,Kevin,E,Mitchell,1985-06-02,3685 Lincoln Dr,M,54366.42,,16
372113539,Joshua,A,Green,1980-01-23,7458 Main Dr,M,102887.62,,9
592149756,Karen,A,Hernandez,1977-09-28,8344 Pine Ln,F,86695.87,,13
484360237,Amanda,R,Hall,1982-02-06,3055 Park Way,F,105479.14,,36
359720591,Susan,R,Allen,1962-10-27,5527 Main Dr,F,113866.01,,6
382473359,Michelle,N,Green,1992-04-21,5813 Lincoln Blvd,F,129289.94,,20
977783087,Margaret,G,Jones,1964-02-14,4118 Lincoln Way,M,114159.9,,10
947476771,Linda,G,Thompson,1986-08-19,299 Park Dr,M,67262.84,,4
547306651,Michelle,A,Young,1995-09-10,5049 Lincoln Dr,F,28923.02,,1
830040870,Ashley,W,Rivera,1971-10-17,5114 Pine Way,M,55337.59,,7
425118997,Richard,S,Moore,1987-04-02,3316 Oak Way,F,30744.22,,45
356810602,Karen,P,Clark,1956-08-11,6245 Lake Rd,F,95660.61,,47
293976787,David,T,Moore,1991-11-19,3579 Lake St,M,74134.47,,6
612912295,William,L,Ramirez,1966-03-28,3062 Elm St,F,50668.54,,42
503002716,George,B,Scott,1957-11-16,968 Washington Dr,M,73323.85,,41
893296383,Andrew,F,Jones,1992-03-24,1165 Main Rd,M,134530.4,,48
684572202,Michelle,R,Hall,1977-11-13,3332 Cedar Ave,M,89866.35,,26
641440255,Mark,W,Moore,1994-11-20,2046 Main Ave,F,31195.95,,1
990930317,Barbara,J,Flores,1969-06-28,3860 Cedar St,M,131519.0,,46
291017139,Nancy,N,Hernandez,1991-03-13,9752 Pine Dr,F,88866.32,,45
378805895,Thomas,L,Scott,1963-03-02,7107 Lincoln Dr,M,124373.11,,16
378820661,Barbara,F,Walker,1968-07-24,2233 Lincoln Dr,M,27752.72,,13
188268881,Matthew,J,Taylor,1959-12-22,6853 Elm St,M,101048.74,,46
703104265,Christopher,E,Smith,1959-04-25,6413 Main Way,M,86133.34,,20
250228767,Barbara,D,King,1965-12-08,1605 Maple Ln,F,30550.63,,23
923490206,Donald,N,King,1960-11-15,2999 Main Ln,F,80353.99,,18
302228735,Margaret,B,Thompson,1958-08-26,9785 Elm Ave,F,138542.71,,38
531129323,Nancy,C,Lee,1976-10-16,3583 Lincoln Ave,F,79095.22,,36
123757620,Paul,A,Torres,1976-10-10,8423 Elm Ln,M,118854.32,,40
302839899,Kevin,W,Wright,1955-03-16,3606 Oak Rd,M,83258.83,,15
420848110,Richard,M,Brown,1968-02-08,7213 Maple St,M,123270.75,,39
931490287,Anthony,W,Jones,1976-03-22,8753 Lincoln Dr,M,94148.11,,32
344762055,Patricia,J,Taylor,1956-11-28,5889 Park St,M,65464.85,,6
254460628,Michelle,N,Williams,1980-06-23,3992 Oak Ct,F,136614.08,,3
443370407,Ashley,G,Davis,1982-01-20,5033 Pine Ave,M,119198.3,,35
592845076,Andrew,H,Hall,1969-05-22,1420 Oak Ave,F,69304.32,,37
301462400,Mark,C,Lopez,1961-03-03,1508 Oak Ave,F,145581.33,,4
880296481,Karen,E,Garcia,1975-03-06,6408 Maple Ln,F,75098.17,,46
438411395,Ashley,C,Rodriguez,1961-10-17,9298 Elm Blvd,F,84264.9,,37
176487306,Anthony,B,Davis,1979-10-06,3282 Washington Rd,F,86249.09,,33
258950514,Melissa,A,Hernandez,1959-03-07,8155 Main St,F,137346.11,,2
415660014,Dorothy,A,Martinez,1964-10-14,897 Cedar Rd,M,43800.03,,49
897034641,Robert,S,Martin,1979-10-02,2707 Lake Dr,M,142734.61,,3
314365568,Jennifer,B,Harris,1981-09-10,3891 Pine Ln,F,82295.38,,34
193053577,Karen,R,Thomas,1984-10-20,6309 Maple St,F,118076.38,,1
549179485,Susan,P,Martinez,1956-05-09,3958 Lake Ct,M,68052.91,,45
487754927,Thomas,H,Campbell,1995-08-20,3303 Lincoln Ave,M,59605.54,,27
954059995,George,J,Jackson,1962-10-22,8999 Washington Way,F,48638.27,,1
749522748,Christopher,A,Brown,1961-08-08,2337 Maple St,M,123808.91,,15
977516280,Matthew,A,Davis,1970-07-25,7357 Pine St,M,79908.5,,8
432941445,Steven,N,Wright,1985-05-02,3231 Cedar Ln,M,45973.95,,1
491932454,Linda,G,Nguyen,1989-03-22,9112 Oak Ct,M,76999.14,,20
563693201,Susan,N,Garcia,1994-05-26,4137 Elm Ave,F,40048.73,,47
185973340,Christopher,K,Martin,1983-10-23,7081 Main Ct,F,33413.89,,1
360056579,John,D,Gonzalez,1956-08-11,6961 Main Way,M,32311.32,,1
503204182,Linda,B,Gonzalez,1970-10-19,3974 Lincoln Way,M,55007.38,,22
728866304,Timothy,S,Robinson,1961-09-26,936 Maple Ave,M,82178.88,,30
922816526,Michelle,E,Hill,1979-03-06,3062 Lake Blvd,F,21310.77,,1
865171242,Joseph,L,Garcia,1958-05-12,8794 Cedar Ct,F,45934.29,,27
709795510,Timothy,E,Gonzalez,1966-07-10,9174 Lincoln St,F,128496.08,,21
417001612,Mary,N,Moore,1955-10-28,903 Lake Ct,F,112059.5,,1
576626352,Matthew,R,White,1976-06-22,6635 Main Dr,M,48204.71,,14
717494743,Brian,W,King,1980-09-21,3392 Cedar Ln,M,78227.59,,14
456401418,Karen,D,White,1982-07-24,7304 Washington Ln,M,34886.1,,1
887525023,Jennifer,R,Lewis,1980-04-08,4908 Main Ct,M,23991.66,,37
393456795,Joshua,J,Baker,1979-06-27,3585 Lake Rd,M,40984.12,,36
379539935,Margaret,D,Adams,1973-08-01,7399 Lake Way,M,44028.16,,4
828230915,Amanda,S,King,1974-01-08,6575 Lake St,M,26132.69,,1
419487653,Michael,N,Carter,1957-05-14,1623 Maple Rd,M,37795.91,,8
772288694,Joseph,J,Wilson,1987-01-10,302 Pine Blvd,F,46825.85,,48
720535283,Steven,G,Martinez,1985-04-28,1873 Maple Ln,M,42878.17,,1
876715256,Betty,L,Walker,1980-05-02,3938 Park Ave,F,75366.25,,19
579624470,Kenneth,N,Scott,1965-10-15,5246 Elm Rd,F,55873.43,,47
624838194,James,D,Scott,1977-02-28,832 Washington Ct,F,93549.32,,23
897752993,Joshua,N,Scott,1987-04-28,2744 Lincoln Ln,M,42777.43,,47
848941873,Sandra,F,Robinson,1982-04-28,3821 Main Dr,F,107512.74,,15
204131289,Margaret,G,Wilson,1962-10-10,3026 Main Way,F,65763.2,,15
399240862,Sarah,D,Johnson,1966-08-17,6440 Park Ave,F,43248.93,,1
928911088,Susan,T,Martinez,1983-01-20,735 Park Ave,F,141554.23,,8
120504826,Barbara,L,Jackson,1983-11-13,984 Main Blvd,M,72795.98,,41
638211480,Barbara,K,Martinez,1956-04-21,4356 Oak Ave,F,46448.93,,50
941089739,Joshua,T,Young,1995-04-21,1166 Pine Ct,F,109070.24,,28
177823712,Joseph,W,Scott,1978-01-07,4959 Main Dr,F,40484.27,,44
846723590,William,P,Hall,1982-09-05,1993 Lincoln Ave,F,65732.58,,23
284757079,Lisa,K,Garcia,1966-04-28,3431 Washington Ave,M,40037.93,,37
802219378,Christopher,A,Harris,1968-08-08,1181 Cedar Ln,M,28753.06,,15
281251517,Betty,J,Allen,1966-05-05,2121 Park Dr,F,134224.49,,25
448442536,Ashley,J,Roberts,1965-04-18,9066 Maple Way,F,121525.87,,13
948761618,Jennifer,P,Davis,1977-07-02,8199 Park Dr,M,83375.88,,45
698600588,Jennifer,D,Torres,1957-08-10,9393 Main Ave,F,59100.82,,5
865975088,Mark,C,Baker,1975-11-12,1163 Park Rd,F,45540.86,,1
418360616,Matthew,T,Clark,1985-08-11,2330 Cedar St,M,52672.8,,37
511318205,Jennifer,D,Miller,1975-06-10,2346 Washington Blvd,M,28893.51,,38
957190886,James,A,Nguyen,1960-07-19,2594 Pine Blvd,F,46200.4,,31
783865325,Charles,K,Campbell,1955-02-06,8345 Lake Ct,F,130833.31,,46
399580835,Emily,K,Anderson,1974-05-23,3496 Lincoln Ln,F,30464.1,,1
740144677,Mark,P,Taylor,1955-06-07,5370 Washington Ct,M,115776.9,,34
128297197,Stephanie,G,Wright,1993-07-22,396 Park Ct,M,70326.22,,26
235209737,Andrew,G,Jones,1990-04-19,3638 Pine Ln,M,113091.71,,1
734083157,Anthony,H,Flores,1970-09-06,8003 Washington Ave,F,47070.96,,46
784551346,Lisa,T,Scott,1968-11-22,7574 Maple Ln,M,126156.53,,31
418036205,Kevin,F,Davis,1994-03-23,7245 Main Blvd,M,45130.03,,3
935389432,Betty,T,Nguyen,1961-08-17,3729 Lake St,F,86643.94,,1
252189904,Robert,J,Sanchez,1960-05-28,7496 Washington Dr,F,43930.18,,5
313878650,Karen,B,Ramirez,1995-08-20,1870 Lincoln Way,F,60708.46,,10
177331835,Robert,L,Perez,1982-05-01,9431 Elm Way,M,96821.5,,30
402629052,Daniel,N,Sanchez,1992-11-01,7833 Park Blvd,F,49585.2,,48
448717183,David,R,Hall,1978-02-14,1834 Pine Way,F,35718.88,,1
590788362,Linda,N,Smith,1992-05-02,7382 Oak Ln,M,80827.92,,48
394974196,George,L,Williams,1964-04-06,9350 Oak Blvd,M,38228.65,,32
183906278,William,T,Martin,1961-02-16,3877 Oak Ln,M,49122.76,,20
742136977,John,P,Mitchell,1975-10-09,523 Elm Dr,M,129965.79,,1
824134645,Susan,P,Adams,1995-06-11,1646 Pine Blvd,F,73166.79,,43
144913399,Lisa,M,Williams,1977-04-22,4188 Elm Ln,F,127906.99,,1
205702499,Timothy,D,Lewis,1965-12-10,574 Oak Ln,M,73470.13,,1
409471503,Kevin,N,Carter,1990-01-15,1542 Maple Rd,F,59274.61,,1
852313014,James,K,Taylor,1968-03-10,514 Oak Way,M,67922.11,,11
865469134,Timothy,W,Garcia,1984-10-05,1622 Lincoln Ave,F,60350.92,,43
789656532,Mary,W,Rodriguez,1961-04-15,1920 Elm Rd,M,133529.88,,21
687467504,Dorothy,M,Lopez,1958-08-26,108 Main St,F,41934.55,,12
331079186,Timothy,P,Moore,1966-05-17,849 Lake Way,M,108167.07,,19
429230002,Kenneth,D,Baker,1987-10-03,1954 Lincoln Ct,M,26095.68,,35
986339543,Mark,W,Nelson,1973-07-15,9430 Oak Ct,M,104971.6,,35
157758928,Joseph,W,Davis,1990-08-13,9613 Main St,M,90073.3,,16
636531976,Amanda,J,Hernandez,1993-11-14,9269 Park Blvd,F,114406.71,,27
388447450,Dorothy,C,Brown,1982-09-01,1270 Lincoln Ct,M,139806.85,,7
179672074,Nancy,F,Harris,1965-12-03,9062 Elm Ln,F,111585.6,,29
314831026,Anthony,N,Taylor,1994-09-15,9071 Main St,M,94989.63,,15
334039434,David,M,Smith,1959-08-07,6317 Maple Rd,M,136849.71,,13
753962570,Charles,K,Baker,1961-08-03,5609 Cedar Ln,F,53949.1,,47
880695706,Mary,L,Clark,1981-05-15,4585 Main Dr,M,37100.96,,3
622797135,Andrew,A,Adams,1956-07-19,7120 Park St,M,91075.59,,47
310618309,Dorothy,B,Adams,1989-06-22,8691 Oak Way,M,108704.03,,17
794963903,Ashley,C,Smith,1985-03-28,5396 Washington Dr,F,112098.91,,49
796195906,Michael,E,Robinson,1961-12-04,4041 Oak Ct,M,54678.37,,32
250624992,Anthony,W,Robinson,1980-05-10,9025 Washington Ct,F,58706.7,,30
391250425,Mark,M,Mitchell,1992-09-15,6882 Main Blvd,M,36255.19,,17
888467237,Patricia,C,Green,1980-04-23,5706 Washington Rd,M,79716.56,,15
939691516,Sarah,W,Ramirez,1990-08-02,116 Lincoln Rd,M,20070.58,,32
618045811,Susan,M,Scott,1990-08-09,5124 Lake Ln,F,115651.72,,44
874642128,William,C,Torres,1978-04-14,9008 Lake St,M,64065.34,,32
556247420,Anthony,D,Robinson,1991-05-12,4275 Lake Ave,M,34811.61,,44
799329863,Stephanie,F,Jones,1991-03-11,9403 Washington Ct,M,92478.43,,36
876441691,John,F,Clark,1966-01-27,6604 Lincoln Blvd,F,133976.61,,2
570464462,Charles,C,Robinson,1971-04-02,5049 Pine Ln,M,40171.55,,36
214315434,Robert,G,Hill,1955-05-07,9138 Pine St,M,54991.84,,38
739283070,Ashley,S,Rivera,1976-06-09,2701 Washington Ave,M,51361.21,,35
972738280,Thomas,F,Lewis,1959-08-07,6532 Main Ct,M,38703.44,,29
461011646,Thomas,G,Carter,1956-06-24,7211 Washington St,M,91928.24,,48
167968595,Kimberly,S,Lee,1956-07-16,8177 Washington Ave,M,74923.95,,42
849803546,Richard,D,Mitchell,1990-01-02,3693 Washington Way,F,22721.78,,46
958885115,Anthony,F,Davis,1963-12-24,1060 Main Ave,F,138459.48,,32
614957846,Susan,T,Moore,1976-05-28,975 Elm Blvd,M,113909.72,,32
952485739,Betty,B,Hernandez,1965-09-20,4692 Washington Way,F,43552.62,,50
738497605,Stephanie,T,Harris,1959-07-07,4693 Main Ave,M,64623.48,,25
172714670,George,D,Nelson,1982-08-12,275 Lincoln Way,M,120867.74,,41
697716156,Kevin,K,Rivera,1965-08-14,2303 Cedar Way,F,119321.45,,38
723548418,Daniel,N,Jones,1957-01-28,2707 Pine Ave,M,84926.41,,45
945805127,Steven,J,Smith,1973-12-10,9716 Lake Ct,M,85724.34,,1
266504816,Dorothy,T,Green,1988-02-10,7771 Washington Ave,F,59051.12,,10
659184314,Christopher,N,Green,1980-05-28,6642 Cedar Ave,F,114148.66,,15
795265322,Kevin,K,Lewis,1956-05-16,5134 Lincoln Way,F,90353.9,,45
835619677,Thomas,N,Gonzalez,1967-12-24,124 Park Dr,M,146901.06,,20
580488037,Robert,W,Jackson,1974-05-19,905 Main Ln,M,38310.65,,27
955305487,William,T,Nelson,1993-10-08,1846 Washington St,F,61070.41,,20
989217681,Thomas,N,Rivera,1977-02-28,2686 Cedar Ave,M,130915.38,,41
462212833,Mark,A,Jackson,1962-03-02,626 Lake Blvd,M,21412.78,,29
637851330,Steven,B,Sanchez,1963-03-02,7785 Main Blvd,M,132019.48,,25
772361249,Sandra,C,Miller,1958-09-02,4931 Washington Way,M,100249.26,,28
548003203,Barbara,K,Nelson,1963-03-01,1275 Oak Blvd,F,105530.47,,10
999644995,James,K,Moore,1990-06-04,5694 Lincoln Ave,F,31461.05,,7
123201132,Andrew,P,Torres,1957-07-16,6688 Cedar St,M,42507.32,,36
683579921,James,S,Thomas,1968-10-22,7894 Lincoln Way,F,30322.64,,40
679184667,Betty,T,Allen,1972-03-09,7994 Cedar Ln,M,87467.04,,1
635203625,Sarah,T,Gonzalez,1979-12-25,3175 Park Ave,F,54813.93,,11
462456889,Thomas,S,Campbell,1986-08-06,5870 Main Blvd,F,43926.21,,36
402465524,Anthony,P,Thomas,1974-06-25,4388 Cedar Dr,F,112174.77,,6
766436631,Christopher,S,Torres,1972-08-06,8474 Cedar Way,M,117522.02,,10
875832605,Margaret,H,Williams,1962-04-13,8105 Cedar Blvd,F,120860.48,,44
752376434,Amanda,R,Williams,1963-02-08,6101 Maple Way,M,38152.84,,1
621475287,Joshua,R,Clark,1972-04-25,8494 Elm Ln,F,23326.69,,1
672523333,Steven,H,Harris,1956-08-24,6549 Maple Ave,F,49127.91,,3
269587940,Anthony,S,Walker,1967-05-11,4776 Oak Ave,M,36054.57,,1
484544028,Joshua,E,Wilson,1988-07-24,8356 Lincoln St,F,136469.71,,46
404617363,John,N,Perez,1965-12-16,7513 Maple Rd,F,104953.62,,27
195427130,Michael,M,Martinez,1972-12-07,6620 Cedar St,M,126130.62,,2
398822956,Jennifer,M,Garcia,1977-03-13,3201 Park Rd,M,138419.59,,41
286988502,Joseph,J,Campbell,1966-06-28,9185 Pine Blvd,M,22793.96,,18
386181187,Paul,B,Carter,1969-10-28,6463 Maple Blvd,M,50751.65,,22
396831273,Michelle,W,Lee,1959-08-06,4327 Cedar Rd,F,36538.92,,42
264334700,Mary,W,Garcia,1991-07-01,2238 Lincoln Ln,M,51163.84,,16
943389163,Christopher,M,Hill,1969-10-14,5445 Main Ave,M,89469.08,,22
212986551,Christopher,T,Nguyen,1967-06-15,1705 Main Way,F,30653.13,,5
930138373,Nancy,H,Walker,1989-12-20,3638 Elm Way,M,86107.64,,39
822062338,Donald,S,Williams,1963-08-05,7646 Park Ln,F,121918.57,,28
294459726,Linda,M,Carter,1958-01-28,1251 Cedar Ave,F,36564.87,,8
186000877,Stephanie,S,Walker,1981-06-23,7020 Elm Blvd,F,85823.49,,24
880411013,Daniel,P,Moore,1995-01-03,6755 Maple Blvd,M,24283.38,,1
753665892,Barbara,D,Baker,1989-09-24,3766 Maple Blvd,F,115832.51,,48
905899160,Matthew,P,Johnson,1963-06-13,2547 Washington Ln,M,76469.56,,44
829137330,Mark,M,White,1983-02-19,2355 Park Ln,F,29431.56,,1
640159008,Lisa,R,Davis,1966-08-01,5329 Park Ct,F,41207.01,,6
111465285,Deborah,A,Martin,1979-04-16,6326 Washington St,F,110591.29,,23
968451673,Karen,P,Gonzalez,1959-03-05,4844 Elm Ct,F,55377.44,,41
176969365,Michelle,K,Rodriguez,1959-08-20,4359 Main Ave,F,98842.87,,46
798454933,Amanda,S,Brown,1962-08-07,2780 Oak Way,F,133790.57,,11
171947052,Emily,G,Rodriguez,1976-04-18,1960 Lincoln Dr,M,61660.3,,19
884882225,Susan,N,Taylor,1965-06-24,443 Washington Rd,M,25532.14,,28
360998015,Stephanie,M,Anderson,1984-06-24,1990 Pine Ct,F,67044.55,,24
158962391,Lisa,E,Hall,1971-07-05,4698 Maple Way,M,146766.84,,25
273232379,Amanda,K,Flores,1993-10-26,9310 Main Ct,F,141092.38,,7
237652208,Christopher,W,White,1994-11-23,1679 Lincoln Ct,M,36358.29,,34
307290415,Thomas,F,Gonzalez,1972-07-04,9662 Lake Rd,M,123232.94,,48
541411867,Lisa,S,Miller,1989-10-06,4227 Elm Ln,F,108127.07,,46
444120916,Stephanie,N,Johnson,1967-11-24,6222 Washington Ct,M,117319.11,,10
176596310,Christopher,P,Wilson,1957-03-19,5305 Maple Way,M,76665.91,,31
928464858,Steven,G,Wilson,1964-06-22,8373 Cedar Way,M,76541.9,,48
392502766,Emily,R,Rodriguez,1989-03-19,9890 Lincoln Way,F,138160.01,,32
616595652,Carol,E,Adams,1970-07-27,8924 Pine Ave,F,120063.75,,11
225395804,Timothy,N,Allen,1967-02-03,3267 Lake Ln,M,26229.1,,6
104124388,Sandra,H,Wilson,1958-12-03,6438 Maple Dr,F,126281.62,,47
530430099,Betty,F,Martin,1957-07-05,2165 Elm Ln,F,99466.64,,29
462407010,John,J,Mitchell,1984-11-03,5554 Park St,M,133365.2,,41
246790028,Sarah,M,Roberts,1992-02-09,3075 Washington Ave,F,26843.09,,44
696513027,Deborah,F,Baker,1961-05-10,4759 Park Way,F,96236.36,,47
508427798,Mark,R,Martin,1992-07-10,9416 Lake St,M,125807.27,,1
212075212,Patricia,M,Clark,1994-08-09,1385 Pine Blvd,M,59642.1,,37
832730452,Karen,W,Flores,1982-07-16,6824 Oak Ln,F,54077.0,,2
321222848,Brian,D,Jackson,1955-04-22,5519 Main Way,M,68331.89,,27
846000036,John,M,Davis,1959-08-03,7021 Oak Dr,F,46928.4,,22
896516636,Joseph,T,Nguyen,1955-04-01,2132 Cedar Dr,F,118441.95,,41
754620914,Matthew,K,Young,1973-11-23,1003 Park St,M,143081.38,,21
614302181,John,E,Baker,1990-02-10,506 Washington Dr,F,66461.16,,22
787708952,Kevin,P,Sanchez,1956-12-20,3332 Lincoln Way,F,20578.51,,15
525092245,William,M,Taylor,1965-01-09,1211 Main Dr,M,99457.7,,48
751270017,Ashley,K,Hernandez,1992-03-11,377 Elm St,F,91834.77,,25
395512122,Thomas,A,Mitchell,1962-10-06,9795 Main Ct,F,125019.29,,18
724648261,Kimberly,F,Davis,1973-11-08,3470 Lake Ln,M,135345.52,,33
163522122,Thomas,C,Moore,1972-08-09,3563 Main Ave,M,74789.82,,25
462780939,Lisa,K,Moore,1986-12-22,1709 Pine Blvd,F,146648.53,,30
233840633,Melissa,P,Taylor,1993-08-01,1977 Washington Dr,F,109868.99,,38
226128312,Carol,E,Young,1973-09-23,4579 Washington Ct,F,69499.23,,1
502271684,Sarah,G,Garcia,1956-07-01,338 Maple Dr,M,48673.82,,8
511769051,Stephanie,J,Anderson,1971-11-16,2116 Main Ct,M,123420.26,,23
507344545,Patricia,A,Allen,1988-05-10,7574 Cedar St,M,76981.86,,44
883713061,Matthew,T,Baker,1994-11-22,3826 Washington Dr,M,75440.45,,21
424558846,Linda,P,Robinson,1970-05-27,7609 Park Ln,M,71826.84,,39
386770868,Betty,R,Roberts,1979-12-19,4500 Lincoln Ln,F,72178.96,,47
126600019,Joshua,K,Rodriguez,1974-09-19,4199 Main St,F,139666.1,,26
517714041,Emily,L,Lopez,1989-11-07,332 Washington Ave,F,104089.59,,32
553356002,William,T,Miller,1971-11-09,4533 Lincoln Ave,M,96957.1,,15
294926313,Linda,R,Hall,1974-07-11,3584 Maple Dr,F,125581.81,,34
809015667,William,A,Wilson,1984-01-17,7648 Park Blvd,M,31572.97,,5
182772849,Steven,J,Wilson,1964-03-06,6034 Lake Ave,M,73899.78,,23
558296079,Jennifer,T,Thompson,1957-08-13,1601 Oak Ct,M,86488.58,,26
929922494,Donna,T,Clark,1983-09-15,4679 Cedar Blvd,M,84052.54,,23
920371691,Sarah,M,Nguyen,1993-07-27,6551 Oak Ln,F,130790.29,,38
472335133,Mark,P,Johnson,1965-05-24,3249 Lincoln Ln,F,50173.4,,16
696950800,Deborah,W,Thomas,1961-08-04,2390 Elm St,M,127948.4,,16
822628024,Robert,E,Hall,1980-10-22,4935 Main Rd,F,58686.27,,3
318252453,Brian,D,Smith,1972-06-05,614 Pine Way,M,85842.7,,46
644320464,Mark,D,Allen,1959-04-07,5437 Lake Ln,F,29281.11,,29
941695782,Kenneth,E,Mitchell,1979-06-12,1845 Elm St,F,77815.66,,50
424315042,Mark,A,Martin,1987-09-16,8432 Lake Ln,M,55225.08,,3
800480025,Daniel,R,Robinson,1963-01-09,4679 Elm St,M,111945.89,,33
200606463,Susan,G,Harris,1991-02-10,9859 Washington Ave,M,141439.33,,34
792640312,Timothy,T,White,1986-09-15,3032 Maple Ln,F,113034.48,,33
936351832,Emily,T,Smith,1955-03-07,535 Oak Ave,F,121222.29,,9
737425155,Christopher,A,Smith,1985-05-23,1519 Park Rd,F,110886.49,,16
742331003,Paul,N,Rivera,1971-03-09,2265 Pine Dr,F,41155.42,,17
822927518,Charles,E,Mitchell,1963-03-20,4889 Washington Rd,M,23640.61,,15
574422684,Linda,G,Rivera,1992-08-03,8461 Lincoln St,F,37152.76,,28
363115935,Robert,A,Torres,1981-03-25,3088 Lincoln Blvd,F,81123.99,,48
412546455,Barbara,G,Wilson,1967-12-21,249 Maple Ave,M,68952.25,,29
759135517,Susan,P,Green,1982-02-02,8510 Maple Ct,M,104189.38,,47
890180346,Karen,C,Hernandez,1956-10-21,5160 Park Ave,M,45015.48,,41
988789236,Daniel,K,Rivera,1976-09-25,9860 Lincoln Ave,F,109151.94,,48
458399824,Betty,D,Martin,1970-08-16,6593 Lake Dr,F,75913.73,,17
553588778,Amanda,S,Thompson,1980-07-03,8748 Cedar Rd,M,111144.13,,37
576535947,Ashley,A,Lewis,1955-08-02,5977 Lincoln Dr,F,27616.03,,7
619071627,Stephanie,C,Mitchell,1969-11-25,8199 Park Ct,F,61887.82,,25
136588469,Sandra,A,Hall,1965-02-05,8536 Park Way,F,66067.81,,27
117643054,Brian,C,Miller,1991-03-08,6829 Oak Dr,F,73606.78,,49
406111860,Joseph,J,Clark,1971-01-17,9297 Main Blvd,M,26206.75,,23
586804311,Michelle,B,Martin,1966-02-01,2348 Oak Blvd,F,143892.11,,35
837430793,Brian,R,Clark,1984-11-05,976 Elm Ave,M,34652.25,,27
326810757,Stephanie,E,Carter,1971-05-11,2065 Oak Ct,F,25270.84,,1
777480312,Melissa,A,Hall,1964-05-20,7562 Main Rd,M,98279.41,,44
737609304,Kenneth,C,Miller,1970-11-22,5916 Main St,F,145685.45,,23
297528940,Kenneth,G,Perez,1983-01-28,7317 Elm Dr,F,92390.91,,11
668644813,Betty,K,Jackson,1975-08-22,7757 Oak Blvd,M,101154.47,,38
981643204,Steven,W,Walker,1957-08-03,5875 Maple Dr,F,139858.09,,12
479363624,Carol,K,Anderson,1979-11-23,1941 Lincoln Blvd,M,49187.92,,20
458673718,Michelle,R,Thompson,1994-06-10,6128 Oak Ave,F,118604.02,,29
680451872,James,C,Carter,1970-03-14,8056 Lincoln Dr,F,122195.53,,1
106488260,Robert,S,Jones,1967-01-21,2418 Pine Blvd,M,42577.86,,37
329672688,David,J,Rivera,1964-07-18,7335 Lincoln Rd,M,92527.66,,29
693679128,Susan,B,Hall,1993-08-01,3158 Pine Ave,F,56896.29,,16
701741560,Kenneth,G,Smith,1995-04-23,4714 Cedar Ave,F,59036.92,,37
579362443,Joshua,B,Thomas,1957-07-15,3939 Park Dr,M,38217.62,,20
379834642,Paul,W,Walker,1964-06-13,3758 Lake Rd,M,80411.15,,34
544469356,Joshua,L,Rodriguez,1970-07-14,9100 Lincoln Ct,M,70001.54,,39
940663765,Mary,R,King,1976-10-07,1869 Elm St,M,97075.24,,14
140380477,Patricia,M,Jackson,1959-11-28,1579 Lake Way,F,37409.88,,1
107057729,Sarah,W,Moore,1994-11-18,3501 Oak Blvd,M,27158.31,,24
471630823,Timothy,H,White,1991-06-05,848 Maple Way,M,24323.5,,28
586513316,Barbara,K,Martinez,1982-05-28,3147 Pine Way,F,41661.74,,6
614715107,Michelle,T,Clark,1995-03-08,9913 Park Rd,F,120502.89,,29
122216686,Michael,E,Mitchell,1971-03-22,4889 Cedar Way,M,137774.09,,15
819679947,Patricia,G,Moore,1965-05-22,4205 Main St,F,46520.12,,36
146669835,George,H,Brown,1972-07-18,7454 Maple St,F,45299.06,,7
491163514,Amanda,H,Lewis,1994-05-25,7455 Pine Dr,F,48967.9,,1
806878792,Kenneth,F,Walker,1963-08-19,5391 Maple Way,M,61908.37,,8
744154611,Mark,M,Lee,1990-06-28,6190 Washington Way,F,99093.74,,38
143060532,Donna,L,Harris,1980-09-10,4273 Park Blvd,M,83110.81,,42
627715157,Mary,L,Ramirez,1966-07-01,8749 Maple Way,F,31833.26,,8
547918677,Susan,S,Hall,1970-01-04,4641 Lincoln Ave,F,95538.55,,38
478940142,Betty,C,Lewis,1965-01-17,4246 Lake Way,F,98504.67,,43
168407281,Paul,N,Gonzalez,1985-02-11,9430 Lincoln Rd,M,42285.08,,45
800334617,Mark,K,Roberts,1994-07-02,3367 Pine Ln,M,105754.69,,35
732777814,Kenneth,C,Walker,1981-08-20,9469 Pine Ln,M,78405.27,,21
256675553,Jessica,N,Thompson,1967-11-28,4077 Lincoln Ct,F,76868.61,,18
957905637,Ashley,D,Miller,1994-10-26,1769 Park St,M,41716.02,,9
879433140,Timothy,L,Davis,1994-01-26,5294 Pine Rd,F,58148.67,,8
982252644,Melissa,L,Lewis,1955-05-07,4188 Elm Ln,F,122312.6,,48
593266377,Susan,F,Gonzalez,1991-08-24,3055 Cedar St,F,41179.42,,13
710300456,Richard,M,Robinson,1990-07-12,5128 Pine Way,M,81130.22,,36
510627526,Emily,M,Robinson,1971-07-22,7835 Oak Way,F,108691.23,,24
686021691,Barbara,W,Walker,1973-08-17,1355 Main Blvd,F,85184.0,,4
609578849,Donna,W,Thompson,1977-03-27,4337 Elm Rd,M,70253.54,,12
414562491,Kenneth,P,Sanchez,1982-07-03,8135 Oak Ct,M,61796.88,,32
172297474,Matthew,A,Miller,1960-03-09,1737 Elm Ln,F,89343.16,,35
533430835,Andrew,T,Roberts,1967-07-20,2194 Pine Ln,M,56218.32,,19
820848547,Matthew,T,Lee,1981-07-05,5013 Washington Blvd,F,51325.86,,16
640510063,Robert,H,Johnson,1955-05-04,7064 Lake Ave,M,61131.07,,16
919951831,Steven,B,Nelson,1990-12-24,9379 Park Ave,M,141283.19,,26
251073179,Charles,J,Lopez,1982-01-16,8776 Elm Ct,F,59415.44,,16
940232725,Brian,H,Young,1966-09-28,642 Maple Ave,M,97420.73,,11
273331369,James,D,Roberts,1960-11-23,6397 Washington Ave,M,133880.8,,12
544328940,Nancy,R,Sanchez,1981-12-04,5220 Washington Ln,F,31229.03,,1
285652633,Dorothy,D,Hill,1974-01-24,9541 Washington Ave,M,139843.29,,23
238260022,Michael,T,Rivera,1985-09-11,1817 Lake Dr,F,113283.39,,43
942764719,Daniel,B,Roberts,1990-05-05,8544 Lake Ave,M,140462.17,,30
300983484,Mary,F,Mitchell,1981-10-26,9104 Oak Ave,F,43970.01,,27
744045166,John,W,Allen,1962-02-16,2235 Lake St,F,87865.75,,25
338976699,Mark,R,Lewis,1963-10-14,6658 Maple Way,M,45347.3,,2
823001513,Richard,J,Walker,1964-08-27,3165 Lincoln Rd,M,45814.49,,7
972546113,Patricia,C,Brown,1963-08-06,4730 Oak Ln,F,98314.08,,17
125673445,Joseph,W,Thompson,1995-12-01,5588 Oak Way,F,33513.37,,35
334490716,Michelle,D,Lewis,1971-02-02,1294 Elm Rd,F,22439.42,,33
404713332,Steven,L,Garcia,1970-11-10,3780 Pine Blvd,M,53698.05,,1
805324063,Kimberly,K,Gonzalez,1957-10-17,8551 Pine Blvd,M,66766.2,,43
274424500,Michelle,S,Nelson,1959-06-02,7237 Washington Way,M,73848.98,,3
140680121,Jennifer,C,Brown,1966-05-18,1254 Lake Dr,F,72992.26,,30
749372434,Karen,S,Wilson,1965-01-26,3898 Pine Ave,M,38633.33,,32
694875990,Andrew,M,Robinson,1990-03-20,1512 Elm Rd,F,49987.85,,1
226398892,Barbara,D,Lewis,1963-03-24,1303 Cedar Ln,F,95305.14,,47
373821508,James,L,Robinson,1964-01-05,5385 Lake St,F,83771.62,,38
639577241,Melissa,K,Hall,1962-11-10,6121 Lake Dr,M,144456.87,,32
971339002,William,C,Rivera,1984-01-10,3402 Oak Dr,M,29467.87,,1
278460662,Emily,K,Thompson,1968-10-16,4438 Lake Ln,M,78843.66,,2
716891706,William,R,Taylor,1978-03-07,9315 Oak Ln,F,39232.75,,30
707362554,Deborah,S,Scott,1987-02-19,1971 Cedar Ln,M,118800.54,,30
464894655,Barbara,H,Walker,1968-05-04,5507 Elm Ct,F,117825.32,,50
201356456,Margaret,L,Roberts,1956-03-12,4661 Cedar Ct,M,54083.76,,41
677006598,Brian,F,Scott,1965-08-10,2398 Main Ln,F,100523.3,,24
405904044,Kenneth,R,King,1976-06-01,2073 Elm Dr,F,64294.4,,23
580042598,Barbara,E,Campbell,1962-06-11,6835 Washington Rd,F,106205.57,,42
421410504,Jessica,R,Wilson,1980-02-11,8798 Lincoln Dr,F,118478.38,,10
387195524,Mark,H,Martinez,1961-01-10,6393 Lake Way,M,48880.58,,1
585707684,Dorothy,S,Lee,1965-03-12,9393 Main St,F,30471.94,,27
272426088,Thomas,H,Sanchez,1970-02-05,3244 Oak Dr,F,80340.76,,37
568714963,Patricia,H,Anderson,1960-10-01,3821 Washington St,M,133523.26,,17
588325075,Thomas,K,Thomas,1981-01-05,3795 Cedar Rd,M,43876.73,,11
963691438,Stephanie,C,Jones,1965-03-11,2727 Park Dr,F,148844.76,,50
819437596,Carol,N,Lopez,1973-11-02,7008 Cedar Way,F,91083.8,,48
526649827,Stephanie,H,Lewis,1978-08-19,1885 Cedar Ln,M,125258.5,,7
522835822,Emily,W,King,1986-02-17,9680 Park Ave,M,145538.54,,9
182236165,Michelle,R,Clark,1989-08-17,4516 Lake Rd,F,80720.6,,7
942754807,Margaret,S,Young,1971-02-21,9014 Washington Blvd,F,135114.05,,25
972543056,Christopher,A,Green,1978-01-26,5433 Lincoln Dr,F,72021.47,,41
205573615,Matthew,P,Clark,1981-04-21,575 Lake Dr,M,99261.79,,34
524951250,Lisa,L,Anderson,1976-03-03,8463 Elm Dr,F,30532.99,,1
395001062,Brian,N,Wright,1958-05-19,2027 Park Ct,M,137294.03,,20
429853852,Steven,K,Lee,1988-08-04,5016 Lake Dr,M,62089.51,,14
949632125,Stephanie,J,Rivera,1964-06-28,1067 Lincoln Dr,M,102299.08,,22
250704133,Daniel,K,Lopez,1995-04-21,2280 Park Rd,F,127940.09,,16
219258561,Stephanie,S,Martinez,1963-04-22,9860 Lake Way,F,82545.83,,9
861614695,David,M,King,1955-11-13,6921 Oak Ave,M,127256.18,,34
675539687,Jessica,D,Flores,1994-06-05,8943 Oak St,F,31732.85,,47
621179377,Kenneth,S,Ramirez,1990-11-05,3554 Park Rd,F,117456.23,,4
347922133,Matthew,S,Johnson,1991-04-21,1159 Lincoln St,F,94315.35,,25
598050069,Linda,M,Harris,1971-11-16,8809 Pine Ct,M,48146.69,,33
563352662,Anthony,A,Carter,1973-09-24,8140 Pine Way,M,69195.75,,9
283996190,Kimberly,P,Rivera,1959-02-05,2242 Pine Dr,F,110266.01,,22
780287364,Karen,J,Nguyen,1989-10-06,6271 Washington Ln,M,87166.18,,26
728536453,Thomas,J,Wright,1982-10-12,4614 Washington Dr,F,91773.64,,37
855954847,Mark,G,Flores,1973-12-16,3379 Elm Blvd,M,33561.28,,1
891666319,Daniel,D,Rodriguez,1962-04-24,7660 Maple Way,F,88739.45,,40
261436089,Donald,C,Smith,1974-12-07,3364 Elm Ct,F,32312.89,,41
450165292,John,R,Nelson,1982-10-17,7000 Cedar St,F,96438.6,,22
340999692,Jessica,N,Lopez,1982-09-02,5099 Oak Ln,M,138307.02,,50
965661638,Deborah,M,Nguyen,1956-12-23,5861 Lake Blvd,M,128770.59,,33
512470771,Timothy,E,Flores,1975-02-17,8143 Lincoln Rd,M,78433.04,,14
878568781,George,E,King,1989-05-07,1620 Park Rd,F,118416.02,,12
818825964,Linda,G,Robinson,1971-06-06,1976 Main Rd,M,96295.2,,1
915992238,Mark,H,Gonzalez,1994-12-24,3607 Oak Rd,M,76088.31,,23
816807711,Stephanie,L,Taylor,1965-02-09,1122 Washington Way,F,149474.61,,18
577283948,Kimberly,M,Anderson,1992-01-15,8492 Lake Ln,F,78649.66,,29
469596475,Carol,E,Nguyen,1987-06-17,6233 Washington Ct,M,133201.69,,32
877770137,Lisa,C,Nelson,1993-10-22,6330 Cedar Dr,M,92761.73,,17
447810569,Stephanie,A,Davis,1976-06-13,9421 Lake St,M,45222.03,,23
235106204,Dorothy,H,Lee,1990-11-25,5790 Lincoln Dr,M,109602.5,,24
211446453,Amanda,H,Smith,1979-01-19,1057 Washington Ave,M,119082.91,,4
808846515,Patricia,C,Wilson,1963-10-25,103 Main Blvd,F,89063.26,,26
572818599,Lisa,T,Harris,1991-05-23,1579 Maple Ln,F,147256.5,,44
668109294,Kenneth,B,White,1974-10-03,4332 Lincoln Ct,F,55001.85,,16
661225246,Stephanie,J,Hernandez,1973-04-23,1943 Lake Dr,M,57512.59,,20
196864759,Kevin,E,Young,1973-07-20,3129 Elm Ave,M,56443.01,,40
307511166,Joseph,B,Clark,1955-05-14,3746 Pine Dr,M,43020.17,,30
171181802,Sandra,D,Thomas,1991-06-23,2427 Elm Ln,M,115653.98,,28
767774608,Christopher,A,Johnson,1976-01-16,660 Main Way,M,90131.74,,50
295154324,John,A,Brown,1975-04-10,7834 Cedar Ave,F,44029.2,,33
371697432,Karen,B,Torres,1956-12-16,7546 Lincoln Blvd,F,117491.68,,43
203029613,Michelle,W,Anderson,1963-02-22,475 Main Ave,F,108742.71,,45
456452891,Emily,S,Rivera,1978-12-15,1968 Elm Dr,M,64376.42,,42
624737111,David,C,Torres,1956-04-10,635 Cedar Dr,F,41867.17,,31
789137659,Patricia,T,Williams,1959-11-02,204 Washington Blvd,M,28835.83,,11
663054538,Barbara,H,Gonzalez,1994-09-09,5907 Cedar Way,M,68496.71,,27
959293519,John,R,Campbell,1992-09-10,8927 Lincoln St,F,63238.7,,28
682101860,Lisa,F,Young,1957-02-02,3911 Lake Dr,M,88438.31,,2
695595576,Linda,E,Jackson,1983-04-21,9695 Maple St,M,45885.97,,20
989072843,James,M,Clark,1962-03-23,9377 Lake Way,F,23892.19,,11
123049022,James,B,Perez,1960-06-12,3426 Main Dr,F,129288.21,,25
271476207,Christopher,L,Gonzalez,1965-08-17,7748 Lincoln Rd,F,20695.29,,1
978138128,Charles,G,White,1979-02-10,1111 Pine Rd,F,104483.83,,43
197486070,Steven,M,Walker,1971-09-04,7586 Oak St,F,124443.52,,27
340310093,Andrew,C,Adams,1976-07-23,6352 Park Way,M,49061.61,,9
687995164,Sandra,S,Taylor,1979-04-02,930 Oak Rd,M,52375.35,,9
748939011,Sandra,L,White,1976-06-27,4025 Maple Way,F,99405.18,,24
948156788,Karen,G,Ramirez,1986-03-17,6509 Park Ave,M,43689.28,,15
753092884,Daniel,H,Brown,1955-12-22,7071 Main Blvd,M,42738.03,,20
587912048,Susan,F,Johnson,1978-05-05,2464 Elm Way,M,68994.94,,22
252205955,Christopher,N,Scott,1956-11-14,5406 Washington Blvd,F,99700.67,,50
199226690,Dorothy,M,Nguyen,1978-06-25,8669 Lincoln Blvd,M,143456.47,,39
735409949,Barbara,A,Clark,1957-01-16,8361 Oak Way,F,82305.01,,46
564854683,Barbara,J,Davis,1975-01-05,8279 Cedar Ln,F,56780.32,,18
105188198,Christopher,H,Anderson,1982-05-27,5989 Main Ln,F,80170.29,,24
299491606,Sandra,A,Torres,1986-12-08,8320 Cedar Way,F,24350.04,,4
190622682,Anthony,M,Lopez,1980-07-27,9445 Pine St,M,140004.61,,43
957858403,William,H,Brown,1987-10-18,1315 Pine Ave,F,88259.86,,7
144980819,John,K,Smith,1963-04-14,9427 Pine Way,M,75498.49,,38
877920274,Matthew,N,Flores,1988-05-23,9888 Oak Blvd,F,77066.37,,14
150108003,William,W,Jackson,1984-02-26,9627 Oak Ave,F,113300.91,,12
708579840,Donald,J,Williams,1959-11-09,8997 Lake St,M,140739.63,,22
305609325,Daniel,C,Brown,1957-05-13,3156 Lincoln Ct,F,121884.22,,22
958861610,Lisa,J,Baker,1978-02-18,9603 Maple Blvd,M,37803.43,,20
271184472,Andrew,E,Wilson,1980-02-27,6964 Elm St,M,94810.4,,18
392956587,Richard,D,Perez,1965-12-15,4315 Main St,F,122799.8,,38
874784405,Matthew,C,Mitchell,1955-04-23,9420 Lake Ln,M,121298.46,,39
363459738,Barbara,D,Jackson,1978-01-12,7720 Washington Way,M,97770.74,,24
345590089,Thomas,S,Martin,1978-03-10,5567 Maple Ln,F,60042.19,,38
563624345,Susan,R,Johnson,1968-07-19,2923 Cedar Blvd,F,94758.99,,14
360614557,Anthony,E,White,1988-07-07,1805 Cedar Rd,M,80055.49,,4
240163827,James,F,Green,1958-05-27,1694 Lincoln Blvd,M,126314.02,,8
236001669,David,T,Thomas,1981-01-22,8668 Cedar Dr,F,91183.29,,5
654379588,George,G,Smith,1982-02-16,9237 Lake Dr,M,25045.65,,46
119405653,Melissa,L,Anderson,1959-10-10,7647 Lake Way,F,90389.53,,32
795109916,Susan,A,Anderson,1971-10-26,5104 Cedar Way,F,130706.2,,31
475145562,Brian,C,Nguyen,1978-09-27,2789 Washington Dr,M,89709.9,,42
539109702,Betty,S,Lee,1972-07-01,3042 Lincoln Dr,F,103896.13,,24
151516549,Timothy,H,Garcia,1965-02-20,9157 Oak Rd,M,88283.0,,18
502810902,Emily,S,Jones,1976-03-23,7788 Pine Blvd,M,20543.47,,34
385351632,Barbara,D,Jackson,1960-01-25,5897 Main Ct,F,100043.44,,9
836864391,George,D,Young,1988-06-06,2427 Elm Ave,F,114885.63,,30
951821137,Joseph,C,Lee,1965-09-11,4623 Lincoln Ave,F,135995.43,,4
221517071,Susan,W,Rodriguez,1980-07-11,7487 Oak Blvd,F,96741.01,,47
481476905,Emily,F,Clark,1994-03-22,9349 Lake St,M,78643.24,,36
295249057,Dorothy,G,Thompson,1971-06-09,9867 Cedar St,M,56849.95,,1
965567967,Kenneth,C,Young,1965-01-07,2092 Pine Way,F,65638.38,,11
950207886,Deborah,B,Lewis,1991-11-07,5367 Lake Ct,M,48731.67,,1
160181074,Mark,B,Lee,1961-09-09,3281 Lake St,F,128845.56,,22
646210500,Timothy,F,Johnson,1993-01-18,8913 Pine St,F,128225.58,,3
227867365,Deborah,H,Lewis,1965-02-07,8428 Washington Ln,M,40895.94,,42
201429236,Sandra,D,Roberts,1962-09-14,3564 Park Ln,F,91530.95,,7
662484182,Robert,J,Rivera,1991-11-03,8228 Lincoln Ln,M,84949.3,,38
970512742,Carol,E,Torres,1988-08-14,9817 Park Dr,F,64799.79,,40
429377560,Donna,M,Anderson,1956-01-13,8140 Lincoln Way,M,63442.66,,2
357216379,Robert,J,Lopez,1962-08-11,2089 Park Ct,M,82561.44,,41
777851942,Michael,R,Harris,1976-04-20,7788 Oak Ln,F,91841.35,,47
755560172,Brian,B,Hill,1966-12-16,1542 Cedar Ln,F,20594.11,,17
535028229,Thomas,A,Thompson,1961-02-02,3077 Elm Blvd,F,60430.27,,44
980673779,Lisa,L,Ramirez,1978-08-25,7359 Maple St,F,121727.19,,21
976198296,Robert,W,Roberts,1963-03-22,7887 Park Blvd,F,92214.38,,1
195871622,Donna,A,Flores,1987-07-28,2189 Cedar St,F,137139.84,,5
766323040,Stephanie,R,Anderson,1995-12-23,6125 Lake Dr,M,58243.1,,13
557309058,Timothy,J,Hall,1994-09-19,3493 Elm Ln,M,86915.74,,45
552964165,Jennifer,S,Clark,1989-03-06,5307 Elm Blvd,F,106863.21,,13
722077234,Michael,D,Robinson,1993-02-04,2423 Cedar Rd,M,32061.03,,33
997356828,Anthony,W,Mitchell,1989-10-08,8099 Pine Rd,F,88851.87,,1
336531677,Mark,K,White,1990-05-28,4101 Park Rd,F,110710.32,,34
351429015,George,L,Torres,1993-11-27,5353 Pine Rd,M,148140.42,,35
651283534,Karen,T,Johnson,1986-06-06,952 Pine Rd,F,78361.04,,29
521155796,David,K,Scott,1972-04-07,8071 Lake Ct,F,76563.98,,12
323485749,Timothy,G,Smith,1958-01-01,9087 Park Way,M,123126.33,,49
670207584,Carol,D,Perez,1975-05-28,2698 Oak Dr,F,24209.79,,5
856652902,Patricia,N,White,1983-10-11,5874 Elm Ln,F,40729.25,,38
245934792,Dorothy,M,Rivera,1973-09-24,765 Elm Ln,F,35043.94,,20
946719967,Patricia,C,Martin,1964-06-15,6587 Main Ct,M,105619.12,,14
940636753,Stephanie,H,Campbell,1958-10-16,2893 Park Way,M,44649.84,,1
686642360,Jessica,P,Miller,1970-05-28,628 Lincoln Rd,F,132085.95,,7
845841941,Karen,L,King,1981-09-07,3525 Lake St,M,94277.72,,42
400368694,John,M,Wilson,1983-08-08,6042 Elm Ln,F,54844.95,,1
495868120,Patricia,J,Johnson,1978-07-13,5537 Lincoln St,M,107491.46,,12
665549649,Barbara,T,Baker,1972-10-25,4118 Pine St,F,82841.48,,23
100091879,Sarah,K,Williams,1988-05-22,8850 Lincoln Blvd,F,110363.19,,35
863093090,Paul,H,Sanchez,1963-11-12,3509 Washington Way,F,79875.6,,30
889382867,John,W,Harris,1988-11-02,3210 Cedar Ct,F,134971.68,,20
932734539,Anthony,B,Lee,1985-12-26,6346 Washington Blvd,F,127185.99,,1
998011802,Robert,E,Gonzalez,1993-03-27,216 Cedar Ave,M,69030.32,,2
502482554,Sandra,E,Thomas,1988-07-19,3050 Main Blvd,M,98759.73,,1
760576146,Andrew,T,Hill,1987-10-15,2501 Elm Ave,F,145127.5,,48
713791169,Margaret,C,Garcia,1965-06-08,5236 Maple Rd,F,98700.05,,27
714065028,Melissa,T,Williams,1963-08-26,1526 Cedar Ct,M,136533.11,,9
876693898,Andrew,S,Thomas,1985-07-07,1645 Elm Way,F,83886.87,,1
800178588,Daniel,F,Johnson,1978-08-25,5768 Washington Dr,M,69719.46,,13
634050001,Charles,J,Clark,1980-07-24,678 Lake Dr,F,114451.48,,16
939937450,Karen,G,Baker,1956-12-22,8831 Lake Rd,F,20254.15,,29
924639504,Christopher,H,Gonzalez,1987-10-01,7065 Main Dr,F,53551.51,,27
810841299,Thomas,C,Wilson,1965-07-04,1665 Elm Ct,M,23427.44,,27
792800081,Dorothy,N,Anderson,1990-09-21,2470 Elm Rd,F,87863.67,,46
911374902,George,L,Thomas,1993-02-05,8892 Lincoln Rd,F,124507.67,,38
621274614,Kimberly,T,Lopez,1965-12-09,7515 Pine Ave,M,149179.15,,6
269327426,Dorothy,C,Baker,1994-06-25,1083 Oak Ln,M,111172.66,,8
957946858,Donald,T,Martinez,1967-06-16,8679 Cedar Ln,M,120032.58,,8
628786900,Matthew,W,Martinez,1994-10-14,8387 Lincoln Blvd,M,61615.12,,38
718487909,Dorothy,G,Lopez,1984-01-06,2079 Washington Rd,F,116571.02,,10
897815003,Amanda,P,Wilson,1957-11-19,1081 Oak Ave,F,146988.71,,48
571622115,Donald,J,Williams,1970-08-17,4475 Main Dr,M,94135.88,,20
506286844,Lisa,K,Rodriguez,1966-12-01,9485 Washington St,M,98310.53,,41
615100796,Robert,E,Wilson,1959-07-22,6283 Oak St,F,76223.38,,31
210535261,Charles,A,Roberts,1987-05-19,3285 Main Dr,M,44044.1,,16
434178367,Joshua,C,Davis,1988-11-25,9521 Cedar Ave,F,49359.73,,27
957066684,Patricia,S,Nelson,1988-09-15,5292 Cedar Dr,F,138439.04,,23
898722372,Betty,H,Lewis,1958-10-05,3370 Oak St,F,29214.42,,29
584471226,Jessica,P,Miller,1955-11-05,9822 Oak Ct,M,85269.44,,31
365594731,Kevin,P,Gonzalez,1985-12-26,1788 Park Blvd,M,149031.72,,39
191324301,Donna,T,Carter,1958-08-09,6999 Park Blvd,M,60932.04,,28
206948671,Christopher,S,Hill,1989-02-06,3358 Park Ct,M,25167.81,,35
596790858,Anthony,G,Ramirez,1974-04-03,5244 Lake Rd,F,99524.13,,24
619416877,Matthew,S,Hill,1966-10-23,8406 Park Rd,M,110709.93,,39
667952106,Jennifer,S,Campbell,1993-12-10,7096 Lake Ln,F,88300.86,,41
497340190,Michael,H,Allen,1961-09-23,6509 Maple Ln,M,143711.69,,33
584830817,Brian,A,Hill,1958-09-12,9348 Lake Ave,F,57149.37,,13
108528676,Barbara,D,Jackson,1979-03-19,6641 Elm Dr,F,133640.66,,44
170629479,Christopher,F,Williams,1971-10-20,8322 Oak Rd,F,140803.93,,27
148057234,Barbara,E,Hill,1970-10-22,4330 Washington Rd,M,142235.46,,43
848065282,Sandra,M,Hall,1991-07-27,262 Park Dr,M,113954.08,,39
957856711,Patricia,H,Taylor,1990-07-10,6045 Elm Dr,F,70501.23,,27
616197305,Deborah,L,Mitchell,1979-04-13,3118 Oak Ln,M,29585.05,,3
905935956,Paul,D,Williams,1978-01-20,2609 Main Blvd,M,74544.44,,9
798423334,Karen,W,Roberts,1985-08-14,9807 Cedar Ln,M,116458.65,,1
824132709,Timothy,G,Lopez,1994-11-13,7107 Park Ln,M,72108.32,,8
120096765,Lisa,H,Nelson,1983-12-19,6910 Park Way,M,24247.04,,43
328549652,Michael,F,Roberts,1968-05-11,5929 Oak Way,M,76711.26,,8
702806585,Christopher,H,Adams,1959-11-27,7706 Cedar Way,M,61183.02,,1
146075055,Lisa,J,Torres,1982-05-13,1150 Main Dr,M,126984.87,,11
273822919,Margaret,L,Smith,1991-08-16,5734 Pine Way,F,149050.84,,31
227254987,Anthony,S,Smith,1987-01-12,6749 Park Ln,F,129386.5,,27
603256458,Joshua,F,Jones,1977-11-18,3803 Maple St,M,55695.48,,29
599100469,Emily,P,Jones,1985-01-14,3929 Oak Rd,M,52021.09,,37
235601470,Christopher,E,Carter,1992-07-21,7420 Elm Dr,F,105964.97,,19
436889280,Susan,R,Wright,1976-09-12,4431 Lake Ct,M,48720.12,,1
595918162,David,H,Campbell,1979-01-05,4943 Cedar Way,F,120321.24,,29
454617185,Carol,C,Lewis,1978-02-18,3220 Oak Rd,F,107577.35,,40
824722131,Timothy,A,Robinson,1976-12-19,8790 Park Ct,F,65814.19,,42
930178643,Ashley,R,Martinez,1957-06-03,7334 Elm St,F,46464.65,,34
407699378,Karen,W,Lee,1983-11-04,4567 Main Blvd,F,34879.85,,41
418092217,Joseph,M,Lopez,1974-01-23,8851 Main Rd,M,127943.62,,1
294420172,Matthew,B,Hernandez,1991-03-11,4352 Washington Way,M,136155.38,,13
750072069,Sandra,D,Hall,1962-11-21,9133 Pine Way,F,121047.39,,1
158141154,Kimberly,P,Walker,1989-01-17,5789 Washington Blvd,F,146945.94,,46
250796657,Margaret,D,Campbell,1992-11-05,3472 Lincoln Blvd,F,118876.0,,2
744053238,Linda,L,Perez,1992-12-13,3965 Washington Dr,M,33885.82,,15
730993734,Amanda,L,Hill,1984-03-10,6495 Washington Ln,F,123968.16,,12
925183459,Lisa,L,White,1979-02-25,7101 Park Ave,F,81206.19,,9
337342839,Anthony,K,Moore,1958-09-19,2969 Washington Ct,M,146397.73,,43
379172394,Nancy,K,Hall,1983-06-26,7478 Cedar Rd,M,118971.96,,11
527735336,Donald,W,Miller,1964-08-24,8286 Park Blvd,M,29773.21,,12
326809000,Lisa,P,Garcia,1976-07-21,3047 Washington Blvd,F,60441.97,,45
403959566,Barbara,A,Lee,1993-06-11,6786 Maple Ct,F,100849.13,,12
866213410,Nancy,S,King,1984-03-20,8546 Main Ln,F,24875.06,,1
251857566,Daniel,K,Adams,1980-03-20,1488 Cedar Way,F,44395.54,,1
919505668,Carol,C,Martin,1982-12-28,4009 Oak Dr,M,140201.61,,9
923896371,Charles,E,Baker,1986-11-18,6781 Maple Way,M,98279.75,,10
267472502,Margaret,D,Thompson,1990-04-18,9278 Main Ave,F,106608.68,,42
555504789,Richard,J,Miller,1961-02-12,9982 Maple St,M,56686.9,,36
604544144,Michael,P,Campbell,1974-05-11,5765 Washington Ave,F,84196.42,,5
617110588,Sandra,P,Davis,1990-12-19,5056 Pine Ct,M,67347.21,,27
946892378,Andrew,H,Hernandez,1983-02-26,647 Cedar St,F,53946.6,,8
373962951,Jessica,A,Jones,1965-01-09,8007 Elm Dr,F,138967.42,,12
317124660,Jessica,J,Jackson,1978-01-11,7104 Washington Ln,M,123671.7,,41
770529419,George,L,Torres,1957-01-03,844 Lake Rd,M,43008.77,,1
100265072,Christopher,C,Brown,1963-09-26,7303 Washington Ct,F,59332.58,,50
131626098,David,S,Carter,1969-01-01,8519 Washington Way,F,28138.65,,5
159091919,Joshua,G,Nguyen,1988-04-26,4653 Pine St,M,89993.6,,30
229048667,Thomas,G,Roberts,1972-07-18,2540 Pine Rd,F,101385.37,,4
904330243,Sarah,G,King,1976-11-23,3047 Maple St,M,128119.63,,2
245926081,James,K,Robinson,1988-08-22,6571 Park Way,F,145073.64,,35
742896798,Timothy,B,Rivera,1969-08-04,6907 Elm Way,M,91828.23,,34
275295596,Anthony,D,Wright,1994-07-06,9302 Park Ct,F,109695.28,,17
745883049,Stephanie,F,Lopez,1956-11-16,2057 Maple Ave,M,142999.13,,38
473587211,Sandra,P,Davis,1969-12-21,9968 Oak Way,M,59621.84,,4
751325257,Sandra,G,Wright,1967-12-10,6637 Maple Ct,F,59681.21,,1
757133384,Kenneth,H,Garcia,1984-04-09,2864 Oak Way,F,98051.06,,11
462661837,Emily,E,Torres,1986-06-22,893 Oak Ave,F,22116.58,,12
615309123,Paul,S,Gonzalez,1955-05-27,9190 Washington Blvd,F,108955.26,,22
720073011,Margaret,A,Hernandez,1987-03-10,9878 Park Dr,M,36885.81,,23
316822839,Ashley,C,Taylor,1975-12-21,2786 Elm Ave,M,111809.47,,42
549017351,Joshua,J,Lee,1978-11-04,5306 Park Way,M,131677.36,,33
102399064,Deborah,N,Wilson,1974-11-17,680 Lincoln Ct,M,66246.73,,41
375799180,George,C,Ramirez,1962-04-19,4375 Cedar Dr,M,68650.73,,32
899136531,Michelle,K,Moore,1990-06-17,6463 Main Dr,F,63483.15,,22
472467580,David,G,Campbell,1991-02-01,2544 Lake Blvd,F,106321.09,,7
274497626,James,B,Lopez,1990-04-20,4925 Park Blvd,M,37585.14,,11
155424086,John,G,Martin,1979-09-14,1725 Washington Dr,M,81735.85,,11
722052543,Joshua,A,Lewis,1972-11-16,2438 Lake Way,F,96734.54,,21
306054135,Linda,T,Miller,1994-06-28,8942 Park Dr,F,120143.07,,44
574619461,Joshua,B,Nelson,1987-04-25,3547 Maple St,M,143316.62,,23
454537802,Margaret,D,Wilson,1968-01-08,459 Pine Dr,F,73077.89,,30
675151857,James,J,Thomas,1973-02-13,5703 Elm Blvd,F,60803.46,,15
329938696,George,A,Gonzalez,1980-05-13,8872 Lincoln Ave,M,123558.23,,10
761191133,George,W,Lee,1961-12-20,3687 Lake Dr,M,80062.25,,12
279187532,Betty,F,Taylor,1961-10-22,1989 Pine St,M,131629.57,,2
374377213,Lisa,C,Carter,1970-05-07,2725 Lincoln Ln,F,122611.26,,19
124646738,Emily,L,Carter,1969-03-26,6379 Pine St,M,31853.11,,49
769189920,Christopher,R,Walker,1976-12-06,4847 Cedar Ave,M,137106.22,,11
458687918,Mary,F,Taylor,1959-03-22,259 Lake Ln,F,95810.65,,33
498784578,Ashley,B,Perez,1960-03-02,4466 Washington Ave,F,43608.49,,18
180341870,Andrew,P,Baker,1982-06-27,5344 Pine Dr,M,124354.27,,33
199689379,Carol,N,Smith,1964-06-06,3617 Lake Rd,M,38449.09,,48
745268953,Brian,N,Hernandez,1980-04-07,5248 Maple Way,F,52339.54,,20
625579419,Kimberly,L,Hill,1979-10-13,9717 Elm Ln,F,129917.31,,41
103282854,Sandra,R,Hernandez,1958-01-24,7616 Park Rd,M,73742.57,,20
500834337,Brian,E,Allen,1979-07-20,2358 Lake Way,F,44147.98,,42
367080413,Ashley,E,Miller,1989-09-12,6860 Washington Way,F,58880.99,,17
968545231,Deborah,A,Jackson,1986-02-05,8383 Elm Rd,F,37230.04,,19
837071174,Patricia,E,Martinez,1991-05-03,4166 Elm Way,M,112055.71,,1
625726985,Ashley,M,Brown,1993-11-12,4234 Washington Ln,F,119688.39,,3
834776489,Lisa,H,King,1982-05-19,881 Park Ave,M,86743.89,,34
895494178,William,B,Thomas,1967-05-15,4896 Main Rd,F,47028.6,,8
833084825,Sarah,J,Martinez,1978-08-23,6125 Cedar St,M,129391.49,,44
484315640,Melissa,P,Jackson,1965-01-18,8232 Pine Ct,F,50485.68,,2
115643227,Barbara,R,White,1955-01-01,3587 Oak Ln,F,118770.4,,27
300341906,Mark,B,Taylor,1983-08-09,3806 Cedar St,M,117790.57,,44
235914506,Karen,J,Walker,1967-02-12,9135 Cedar Ct,F,76688.06,,27
224369980,Sarah,K,Scott,1955-09-15,3279 Maple Rd,M,81995.29,,44
916384252,Charles,C,Jones,1989-05-21,1636 Pine Ln,M,144779.77,,24
578600641,Robert,N,Hill,1970-09-11,9426 Lincoln Ct,F,94897.26,,49
802506364,Amanda,S,Jackson,1989-01-28,1861 Washington Blvd,F,41825.24,,1
107827850,Melissa,P,Hall,1989-12-12,4101 Park St,F,145404.16,,45
859417815,Sandra,J,Young,1960-03-09,6676 Pine Dr,F,148132.68,,42
852467956,Emily,K,Campbell,1975-06-01,4683 Park Blvd,F,78004.58,,15
732113521,Christopher,D,Williams,1955-04-24,376 Lincoln Way,M,20456.08,,19
746705600,Matthew,C,Sanchez,1971-03-08,6635 Elm St,M,41182.29,,27
681544961,Betty,R,Smith,1995-09-13,3139 Oak Ln,M,61690.23,,6
789549602,Kenneth,S,Lee,1971-07-04,9942 Main Rd,M,70221.25,,42
809535264,Deborah,R,Moore,1995-09-26,7206 Lake St,M,67355.71,,11
909620527,Paul,A,Campbell,1961-04-17,7877 Maple Blvd,F,107558.34,,8
164858272,Michelle,P,Garcia,1983-01-24,1545 Maple Ln,M,93996.15,,48
933704981,Anthony,E,Hill,1971-05-11,5242 Elm Ave,F,74732.94,,11
714109940,Joshua,W,King,1957-09-04,7499 Lincoln St,M,87431.34,,27
995092299,David,S,Harris,1955-03-12,675 Park Blvd,F,34108.17,,50
334506153,Robert,J,Rivera,1978-09-10,3199 Cedar Ln,F,70425.22,,7
786980352,Mary,E,Clark,1969-11-05,5952 Lincoln St,M,95085.95,,46
511582876,James,B,Wright,1967-12-12,330 Maple Dr,M,107977.26,,42
666820349,Sandra,A,Thomas,1986-03-04,8377 Washington St,M,46342.65,,5
462943972,Michael,N,Martinez,1965-06-19,4083 Washington Rd,M,20044.63,,38
755058332,Jennifer,H,Walker,1995-12-22,1379 Park Rd,M,137466.09,,36
109815572,Jessica,T,Robinson,1978-01-20,8016 Lincoln St,M,89187.62,,28
365147627,John,J,Perez,1995-04-02,6434 Lake Dr,F,113494.26,,34
314517837,Christopher,E,Jackson,1959-01-07,9563 Lincoln Ct,M,108877.24,,30
439531501,Melissa,J,Mitchell,1981-02-16,1917 Lake Blvd,M,81614.93,,2
249078381,Karen,K,Moore,1986-03-03,2839 Washington Rd,F,58967.79,,6
620057604,Daniel,L,Scott,1989-07-15,5372 Pine Dr,F,68685.76,,1
106556957,Dorothy,C,Rodriguez,1973-06-24,5796 Pine Ave,M,111197.18,,40
188496207,Charles,T,Allen,1989-11-03,4628 Pine Ave,M,29275.33,,4
931469703,Linda,T,White,1959-06-23,6581 Lake Ave,F,59229.47,,10
225946154,Sarah,W,Sanchez,1979-07-23,7873 Maple Rd,F,88989.12,,40
441503774,Lisa,H,King,1956-03-15,4957 Elm Rd,F,111738.12,,44
767698175,Jessica,K,Hall,1960-11-16,2215 Main Dr,M,98747.37,,8
742881543,Anthony,A,Moore,1968-09-26,8107 Park Ct,F,144731.79,,17
519946090,David,D,Rodriguez,1989-07-16,1226 Washington Dr,M,133158.38,,21
931109347,Christopher,J,Campbell,1981-10-21,1562 Pine Ct,M,138746.26,,28
896893126,Donna,W,Roberts,1991-12-15,832 Washington St,F,59026.2,,7
490120758,Daniel,C,Jones,1966-12-25,7648 Cedar Ct,F,119209.03,,30
420180997,Barbara,N,Jones,1955-08-01,3664 Pine Ln,M,147299.27,,43
137320548,George,C,Garcia,1994-09-16,5464 Washington Ave,F,144896.19,,28
875750551,Dorothy,A,Brown,1960-06-20,4982 Elm Way,F,107317.37,,7
748315285,Linda,T,Miller,1970-04-04,7861 Oak Ct,F,27234.91,,9
376696166,Paul,J,Hall,1983-07-19,8023 Pine Ln,F,108607.31,,39
809111808,Carol,S,Flores,1959-06-01,6178 Lake Way,M,67192.78,,6
984640015,Stephanie,S,Perez,1995-12-19,5810 Park Blvd,M,129536.31,,5
710874601,Mark,M,Baker,1968-12-24,6198 Park Ln,M,50783.46,,36
488995663,Nancy,T,Smith,1994-10-25,6623 Elm Dr,M,84993.46,,4
418218082,Melissa,J,Scott,1962-03-08,847 Park Dr,F,25081.79,,11
203833652,Jennifer,M,Wright,1981-10-08,9170 Oak Way,F,145531.6,,45
101375634,Patricia,N,Lewis,1981-03-14,8178 Washington Ln,F,33185.71,,32
710004446,David,D,Brown,1978-04-21,3225 Washington Ln,M,56397.23,,43
366257851,Sarah,J,Mitchell,1966-12-21,4115 Pine Ct,M,25230.26,,40
280939576,James,T,Smith,1955-06-13,5117 Oak Ln,M,144242.52,,14
333754555,Patricia,W,Brown,1975-01-02,9671 Lincoln Blvd,M,126862.35,,1
868609437,Margaret,N,Sanchez,1961-04-24,4495 Lincoln Dr,M,122144.59,,24
200090276,Dorothy,L,Martinez,1957-03-08,8501 Lake Ct,F,137949.9,,48
922826944,Lisa,W,Garcia,1986-02-15,5239 Main Rd,M,28861.04,,38
180852074,Barbara,H,Baker,1980-09-12,1579 Washington St,F,92926.25,,1
483218107,Timothy,R,Scott,1965-01-24,1697 Lake St,F,45030.8,,12
326312174,Linda,M,Campbell,1964-01-08,7313 Lincoln Ave,M,84857.97,,4
124411864,Lisa,R,Baker,1989-07-18,6314 Pine Dr,F,65000.77,,19
233889899,Mary,M,Sanchez,1986-10-25,7496 Maple Way,F,100977.83,,25
161076482,Joshua,G,Hill,1995-02-23,2065 Elm Blvd,F,105331.3,,43
125431905,Donna,N,Walker,1992-01-10,2741 Main Ct,M,135076.5,,7
967553475,Kenneth,C,Garcia,1967-08-26,1709 Lincoln Ln,M,122370.55,,49
846456758,Amanda,A,Martin,1981-11-04,8624 Cedar Blvd,F,127984.85,,8
133447745,Patricia,S,Sanchez,1982-11-04,8132 Lincoln Ave,M,75769.62,,1
289125842,Michael,C,Jackson,1956-09-22,6568 Park Blvd,F,131779.7,,38
692213965,Karen,D,Brown,1965-06-25,6482 Main Ln,F,81992.04,,10
505592654,Andrew,N,Lee,1991-02-26,8101 Elm Dr,F,84575.08,,50
250337960,Timothy,D,Nguyen,1979-06-14,5252 Main Dr,F,103800.67,,17
223682075,Patricia,B,Torres,1972-04-03,8818 Elm Rd,M,134738.04,,46
911194689,Linda,B,Hernandez,1984-07-16,5037 Lincoln Dr,F,108856.29,,26
534222401,Brian,H,Martin,1992-06-16,9168 Park Ln,F,129730.52,,1
963949678,Barbara,K,Williams,1973-12-03,5774 Lincoln Rd,F,26419.6,,1
418818117,Richard,W,Thomas,1979-05-22,947 Cedar Ave,M,101566.94,,42
515364404,Andrew,P,White,1989-11-06,7817 Elm St,M,21793.15,,15
573827182,Ashley,A,Ramirez,1967-12-05,5045 Main Rd,M,105096.44,,18
819532005,Brian,T,Garcia,1982-09-12,398 Maple Rd,M,48535.08,,1
944552318,Brian,T,Clark,1962-07-05,2528 Lake Ave,M,93148.89,,8
956950131,Patricia,T,Brown,1987-06-01,9368 Washington St,F,122717.88,,33
473302105,Christopher,R,Moore,1993-09-06,1228 Park Blvd,F,58437.45,,18
454608877,Michael,A,Robinson,1980-12-27,2375 Oak Ave,F,143638.05,,50
701786256,Steven,C,White,1985-10-08,7455 Washington Dr,M,140343.2,,17
854271682,Sarah,W,Wilson,1975-09-10,4470 Washington Ave,F,114222.19,,31
610315526,Sandra,G,Thompson,1959-11-27,5045 Park Rd,F,106249.37,,22
778143400,Daniel,A,Perez,1979-07-04,8495 Washington Dr,M,44718.68,,42
516023480,Michael,G,Gonzalez,1991-12-24,4992 Pine Rd,F,80291.37,,43
234031298,Jennifer,B,Williams,1979-06-28,1165 Main St,F,27122.55,,41
813307041,George,A,Nguyen,1972-05-24,7408 Lincoln Blvd,F,100213.13,,15
710045960,Donald,M,Davis,1992-08-23,1411 Main Rd,F,87203.44,,35
488913367,Nancy,G,Baker,1971-05-20,479 Main Ave,F,75553.02,,33
274597751,Lisa,S,Jackson,1959-05-01,7536 Oak Dr,F,127311.18,,9
925310631,Mark,K,Green,1966-02-05,3423 Oak Rd,M,79623.55,,33
301698698,Sandra,P,Wilson,1983-08-28,9249 Oak Ln,M,95076.1,,10
625288882,Jessica,S,Robinson,1972-01-24,7114 Pine Dr,F,76452.33,,16
971354190,Kimberly,D,Harris,1974-08-02,9900 Oak St,F,119724.85,,17
572598556,Robert,F,Brown,1976-04-22,9863 Lincoln Ct,M,47850.84,,47
389659515,Michael,E,Garcia,1966-07-15,9225 Park Way,M,23414.05,,24
188498371,Betty,F,Brown,1980-11-10,3936 Washington Ave,M,20141.22,,32
751437877,Mark,P,Davis,1984-09-23,1913 Maple Way,M,90332.31,,21
904379808,Jessica,S,Anderson,1988-10-26,9154 Lincoln Ct,F,122948.94,,22
209331091,Donna,M,Adams,1968-01-12,6447 Cedar Ave,F,119743.04,,14
824802127,Dorothy,W,Baker,1989-10-16,7897 Park Blvd,M,70880.03,,33
709431623,John,E,Martinez,1976-10-21,9979 Lake Way,F,46546.6,,27
651344082,Donna,B,Walker,1962-05-02,1185 Cedar St,M,121708.21,,40
178354184,Brian,B,Hernandez,1983-07-16,7709 Pine Ln,M,29377.47,,1
623279634,Kevin,B,Thompson,1961-02-11,7910 Lake Rd,M,50569.81,,33
777534218,Nancy,D,Flores,1962-01-23,2372 Pine Ave,M,31921.5,,7
686928797,Mary,B,Ramirez,1962-07-15,5253 Washington Ct,F,24677.55,,13
870753896,Joseph,K,Hernandez,1978-06-14,3632 Park Dr,M,24689.75,,3
406949571,Michael,R,Wright,1971-03-19,1101 Main Blvd,M,122605.99,,21
582611535,Joseph,E,Williams,1962-12-24,3445 Maple Rd,F,40010.83,,6
351491330,Deborah,B,Campbell,1966-04-27,3525 Pine Blvd,F,79911.17,,44
503346325,Jennifer,W,Rodriguez,1977-02-06,8902 Washington Blvd,M,128526.81,,50
626809313,Barbara,S,Hall,1969-07-15,7326 Cedar Way,M,117097.01,,10
465555552,Jessica,T,Allen,1975-05-23,7538 Main Ave,M,48442.03,,25
783712200,Linda,T,Martin,1988-02-25,9904 Lincoln Dr,F,58846.89,,9
679677338,David,W,Martin,1962-01-13,8282 Main Ct,F,40286.92,,49
196201527,Linda,P,Ramirez,1978-06-07,5354 Maple St,F,42003.18,,24
517225705,George,L,Robinson,1980-10-25,2807 Lincoln Ct,F,123350.41,,44
717301394,James,J,Lopez,1981-09-04,9252 Elm Rd,F,143112.01,,34
116936434,Melissa,R,Taylor,1992-03-13,9895 Lake Way,F,133045.4,,44
296250221,George,A,Hill,1957-09-11,5417 Elm St,F,101762.73,,21
916513883,Sandra,K,Miller,1983-06-21,8924 Main Dr,M,119170.84,,15
128636900,Anthony,B,Sanchez,1987-06-08,6426 Elm Ln,M,20845.63,,1
394792954,Mark,P,Taylor,1992-01-16,8840 Maple Ave,F,90946.85,,32
124363495,Charles,P,Baker,1989-03-16,5780 Washington Ct,M,57897.18,,6
562482630,Betty,G,Mitchell,1960-04-13,1868 Cedar Ct,M,54490.21,,45
117863798,Betty,L,Baker,1962-07-19,5140 Oak Ct,F,49012.12,,1
855663125,Betty,C,Torres,1962-01-27,9072 Park Dr,M,41389.83,,35
784159813,Richard,P,Martin,1965-04-12,7545 Oak St,F,31334.69,,41
740122235,Thomas,S,Johnson,1968-02-18,189 Maple Dr,M,98905.15,,12
212211964,William,F,Williams,1962-10-24,622 Lincoln Blvd,F,106023.3,,35
821676366,George,L,Lopez,1969-02-05,848 Main Ave,M,65756.47,,3
644633854,Donna,F,Perez,1975-04-20,4570 Washington St,F,115962.63,,10
690975123,Nancy,M,Hall,1984-05-10,4218 Pine Ave,M,75244.52,,1
526081956,Amanda,S,Moore,1961-04-01,8055 Maple Dr,F,120382.13,,43
774585778,Michael,L,Rodriguez,1957-06-18,5646 Main Ct,F,38952.08,,1
887495483,Deborah,M,King,1993-03-19,8792 Park St,F,90129.44,,46
619595468,Michelle,W,Smith,1965-09-24,4269 Elm Dr,M,89674.04,,35
919835561,Karen,T,Robinson,1972-06-25,5844 Elm Dr,F,89892.88,,31
819118723,Donna,K,Nguyen,1991-02-20,7408 Oak Ave,F,41468.55,,29
124753602,Anthony,H,Thompson,1975-12-08,7804 Pine St,F,146756.69,,38
509064426,Mary,S,Ramirez,1983-07-03,7265 Cedar Ln,M,54985.81,,18
479947133,William,S,King,1995-08-16,3047 Lake Dr,F,147303.5,,2
185335495,Robert,H,Garcia,1965-10-02,1485 Cedar Ct,M,145081.62,,29
134825449,James,G,Martin,1985-02-08,1852 Lincoln Ave,F,119050.59,,37
714457408,Stephanie,G,Anderson,1969-11-07,4508 Washington St,M,81632.64,,10
786063606,Robert,T,Gonzalez,1995-03-25,1648 Lake Blvd,F,133417.61,,45
931899691,Lisa,S,Scott,1961-03-21,1443 Cedar Blvd,M,54220.5,,42
206389694,Melissa,L,Martinez,1963-01-10,7840 Main Ct,F,38460.45,,1
265744099,Robert,S,Taylor,1976-10-23,6612 Elm Ln,F,126331.21,,1
118660989,Donald,M,Martin,1978-03-27,7340 Lake Ln,M,112286.33,,3
726238846,Lisa,E,Nguyen,1955-05-12,8432 Park Way,F,100399.8,,12
488118171,Timothy,F,Hernandez,1975-01-04,3209 Lake Rd,F,118380.18,,36
561680490,Mary,T,Hall,1978-11-18,1842 Washington Ct,M,56257.29,,37
551906293,Joshua,W,Mitchell,1975-08-23,548 Oak Blvd,F,122832.51,,10
674563494,William,F,Carter,1962-08-12,8651 Park Dr,F,146427.49,,25
734629857,Matthew,M,Roberts,1973-06-02,561 Lake St,M,128801.44,,24
493731040,Matthew,K,Carter,1963-04-28,543 Cedar Ave,M,23333.92,,32
244104747,Joshua,W,Wilson,1992-06-09,2205 Lake Way,M,91480.32,,18
996510519,Sarah,M,Martinez,1961-02-03,8171 Lake St,M,130241.38,,25
873368624,Linda,S,Baker,1985-08-07,9779 Main Way,M,51677.14,,10
366107754,Sandra,W,Martin,1961-01-03,3210 Main Blvd,M,137008.96,,47
659568869,Kevin,G,Walker,1979-11-10,5393 Main St,M,52930.66,,42
320959407,Karen,C,Torres,1961-09-06,6093 Maple Dr,F,34814.15,,44
872529595,Susan,M,Adams,1992-05-15,5667 Oak Ct,F,25697.37,,33
142463863,Robert,G,Carter,1992-12-22,9256 Pine Ct,M,133031.6,,23
815925186,Paul,W,Thomas,1994-10-24,7861 Cedar Ave,F,74079.23,,17
497250289,Robert,F,Rodriguez,1994-05-22,6549 Main Ave,M,145004.76,,22
611544570,Christopher,H,Roberts,1970-02-06,6392 Washington Ave,M,99547.47,,9
350302083,Joshua,A,Robinson,1979-08-26,7114 Lake Ave,F,104619.79,,45
474569525,Nancy,N,Nguyen,1981-05-10,3222 Oak Ln,M,76349.75,,31
400491536,Mark,E,Williams,1994-10-20,4126 Cedar Ct,F,134761.21,,32
205444031,Richard,S,Perez,1977-03-22,3942 Elm Rd,M,137015.42,,22
178172865,Jessica,A,Scott,1985-07-04,2487 Pine Ln,F,147461.63,,50
183686071,William,H,King,1983-01-01,5729 Elm Way,M,82101.03,,16
176496452,Lisa,L,Wright,1983-01-05,575 Lincoln St,M,69867.95,,7
717221214,Susan,A,Sanchez,1972-05-21,1540 Elm Ave,F,120634.31,,36
575466049,Donna,M,White,1973-07-27,2925 Pine Rd,F,129405.24,,10
883864035,Kevin,K,Perez,1984-11-19,8618 Park Rd,M,62632.72,,25
376049186,Karen,S,Roberts,1962-07-27,1543 Lake Blvd,F,46284.0,,21
827964236,Charles,W,Robinson,1982-10-24,9411 Park Rd,M,144839.65,,31
687368866,James,W,White,1977-08-28,8300 Oak St,M,104673.14,,44
864299201,Melissa,F,White,1987-04-04,3392 Main Dr,F,20788.52,,1
323455020,Karen,B,Gonzalez,1962-03-22,7872 Lincoln Blvd,M,107118.54,,4
100905503,Melissa,W,Thompson,1962-05-28,610 Pine Way,F,101277.86,,47
610767573,Ashley,P,Wright,1983-03-28,9983 Oak Rd,F,81033.31,,18
798245804,William,D,Torres,1986-01-12,4796 Washington Way,M,77307.6,,34
523827368,George,H,Martinez,1961-02-04,9928 Lincoln Ct,M,90769.13,,40
259261469,Jennifer,H,Thompson,1980-09-02,4996 Cedar Blvd,M,143772.56,,30
897945277,Mary,J,Baker,1977-04-03,5067 Pine Dr,F,145748.55,,4
133937268,David,G,Walker,1972-02-14,8112 Park Ct,M,62235.4,,50
649283044,Kenneth,R,Ramirez,1962-02-05,4400 Lake Ave,M,67640.39,,44
871443460,Joseph,G,Baker,1964-12-06,8318 Park Ln,F,122095.74,,23
135003475,Kevin,E,Harris,1960-02-08,9363 Park Way,M,130187.36,,35
897163846,Emily,E,Moore,1973-10-07,5717 Pine Rd,F,70090.45,,1
554646119,Mark,S,Campbell,1981-03-05,8386 Main Ct,F,36820.07,,47
422423469,Brian,R,Gonzalez,1971-05-28,9980 Pine St,F,50077.84,,34
413907843,Melissa,C,Thompson,1993-08-01,9771 Washington Blvd,F,130662.87,,14
814384353,Donna,B,Miller,1968-09-26,218 Washington Rd,F,81520.13,,23
202423196,Emily,F,Wilson,1986-10-08,1474 Main Way,F,88042.74,,38
719459743,Deborah,A,Martin,1958-10-18,3210 Washington Way,F,120266.52,,45
984379899,Michelle,J,King,1957-12-03,5079 Elm Dr,M,33159.27,,16
497446283,Melissa,H,Baker,1993-07-23,7600 Main Ct,F,123800.96,,34
394042584,Dorothy,R,Anderson,1965-05-09,1838 Pine Rd,M,32476.88,,37
855162274,Dorothy,N,Wright,1960-11-21,1370 Park St,F,107391.97,,24
620787752,Donald,J,Thomas,1969-03-25,5380 Washington Blvd,M,115805.84,,34
848321488,Emily,H,Rivera,1973-02-11,5615 Lake Ave,M,29587.83,,24
862588517,Stephanie,R,Walker,1969-04-05,4327 Maple Way,M,110949.9,,44
142763764,Patricia,N,Allen,1973-11-23,8309 Washington Way,F,30715.62,,36
570746273,George,A,Anderson,1960-03-01,8186 Pine Ln,F,60504.97,,33
648604942,Stephanie,R,Harris,1990-04-24,1775 Washington St,M,113377.58,,9
452678285,Mary,E,Adams,1955-10-16,170 Oak Blvd,F,92252.79,,46
272842164,Andrew,C,Roberts,1971-01-13,8684 Park Rd,M,146138.61,,14
436932206,Melissa,E,Torres,1972-07-25,9644 Oak Blvd,M,104062.31,,33
134688715,Daniel,R,Miller,1994-11-24,9305 Pine Way,M,86419.9,,46
493305297,Steven,F,White,1973-04-03,8715 Pine Blvd,M,115816.0,,14
987054668,John,H,Scott,1964-11-09,531 Lincoln Dr,M,51895.73,,16
681731069,David,K,Martinez,1966-05-25,1568 Main Rd,F,108219.11,,5
989257792,Paul,P,King,1976-02-06,7617 Washington Ln,M,91857.96,,12
527611745,Matthew,F,Walker,1983-07-17,7201 Main Ct,M,119050.81,,29
680909211,Emily,P,Allen,1971-04-01,2581 Elm Ave,F,71035.67,,16
965539784,Deborah,P,Scott,1969-02-15,6631 Cedar Ave,F,41043.67,,35
325771414,Paul,M,Hall,1959-08-20,3662 Lincoln Ave,M,103432.31,,43
197231642,Margaret,M,Allen,1955-11-08,2817 Park Blvd,F,40698.91,,38
917626034,Amanda,N,Young,1964-10-21,4502 Washington Way,F,29817.12,,7
403489287,Andrew,L,Green,1959-12-03,9361 Elm Ave,M,123816.83,,7
770737907,Jessica,W,Sanchez,1982-02-08,3602 Elm Ln,F,42570.8,,27
212888587,Christopher,P,Anderson,1965-02-07,6143 Park St,M,53759.4,,4
717452511,Sarah,E,Jackson,1982-01-20,5880 Pine Way,M,39931.14,,1
117214207,William,W,Garcia,1987-03-05,3745 Park Ct,F,145858.98,,11
229903401,Melissa,W,Rivera,1956-08-16,1079 Cedar Way,M,67238.52,,47
777668740,Susan,L,Allen,1985-09-10,5009 Cedar Dr,F,55787.49,,37
557914110,Margaret,F,Rivera,1993-10-21,7404 Lake Ln,F,63203.17,,14
219621956,Joseph,B,Harris,1966-02-25,1204 Pine Way,F,76954.11,,11
201246436,Joseph,A,Hill,1955-10-04,5819 Pine Way,M,44217.66,,10
233604914,Matthew,W,Sanchez,1955-02-07,4274 Lincoln Ct,F,86445.39,,28
293824273,Anthony,B,Roberts,1955-11-12,5719 Lake Ln,F,20355.85,,32
547750962,Sarah,G,Lee,1969-06-21,7901 Cedar Ln,F,110782.84,,10
559225330,Emily,A,Davis,1959-12-05,9038 Oak Ln,M,84383.51,,1
700893588,Steven,D,Wilson,1989-06-18,5318 Cedar Blvd,F,94630.78,,12
334713230,Lisa,P,Harris,1991-03-27,6229 Cedar Ave,M,117710.96,,20
522332178,Lisa,R,Young,1962-06-20,1783 Oak Dr,M,127309.35,,10
184987555,Ashley,A,Wilson,1965-11-04,1387 Lake Blvd,M,69377.84,,16
186442457,Joshua,P,Johnson,1975-10-08,2827 Lake Ct,M,143739.99,,3
148650818,Mary,T,Green,1993-11-28,9244 Lincoln Way,M,21456.53,,7
765102292,Patricia,R,Campbell,1960-07-14,9779 Oak Way,M,36898.39,,20
407970266,Karen,P,King,1969-05-21,1524 Cedar Way,F,129881.93,,42
228472771,Margaret,H,Smith,1957-10-26,7886 Lake Blvd,F,120203.61,,17
785977815,Brian,R,Harris,1976-12-13,3285 Washington St,M,52578.75,,47
120263286,James,H,Lee,1982-03-09,3751 Lake Ln,F,104969.65,,14
970550632,Stephanie,S,Flores,1962-03-15,9989 Lake Ct,M,44283.31,,13
234915899,Andrew,S,Martin,1963-11-28,5263 Maple Ave,M,114055.9,,4
938379910,George,H,Allen,1991-02-04,9572 Oak Dr,M,145354.29,,12
359666580,Timothy,N,Martin,1968-09-21,1682 Pine St,M,24042.67,,9
746354547,Steven,E,Jones,1970-08-09,5591 Maple Way,M,31989.22,,4
989890958,Joshua,W,Nelson,1991-04-15,7061 Main Ct,F,61044.93,,40
661315067,John,N,Green,1982-11-01,3639 Lake Blvd,M,101967.77,,23
636921386,Lisa,N,Flores,1958-09-23,1916 Lake Ct,F,104920.16,,4
191519166,Karen,M,Rivera,1981-06-21,4121 Main Way,M,37939.26,,29
597044149,Christopher,W,Miller,1983-03-10,6748 Elm Ave,F,62563.07,,43
208729236,Matthew,K,Thomas,1980-11-20,797 Main Dr,F,83200.68,,31
992516620,Jessica,H,Allen,1960-07-24,7752 Cedar Blvd,M,51840.24,,13
466504998,Susan,G,Lopez,1960-12-20,4348 Elm Way,M,20760.12,,9
400215084,Paul,F,Roberts,1976-06-09,4215 Main Way,F,97167.34,,14
632585515,Lisa,E,Lopez,1973-01-09,3605 Main Way,M,34024.7,,41
640699840,Amanda,P,Moore,1958-02-12,5756 Lincoln Ct,M,81121.3,,36
707811749,Susan,D,Hall,1966-05-10,7750 Elm Ct,F,120016.69,,46
658090039,James,N,Adams,1968-12-26,5275 Washington Ln,M,40121.22,,43
297639735,James,F,Torres,1968-10-23,245 Park Ct,F,59443.32,,16
335217398,Patricia,J,Ramirez,1981-01-02,1496 Main Dr,M,79576.56,,3
929839316,Kenneth,S,Robinson,1991-10-15,9348 Lake Ln,F,24528.72,,1
349804684,Emily,C,Harris,1973-10-07,8738 Pine Ave,F,113114.53,,44
709977378,Richard,P,Lopez,1988-10-13,9528 Washington Rd,F,124445.39,,18
139428930,Barbara,B,Nelson,1991-10-10,5524 Elm St,M,74204.4,,13
866162966,Charles,H,Moore,1976-06-18,1420 Main Blvd,M,80643.44,,1
355730504,Anthony,S,Brown,1964-12-09,1624 Oak Dr,F,111110.1,,25
916033628,Patricia,G,Moore,1990-03-10,7278 Lincoln Ave,M,127851.77,,1
804436922,Brian,A,Carter,1961-07-08,2981 Park Ct,M,94592.91,,1
160512446,James,H,Sanchez,1963-11-06,1597 Elm Ct,M,140007.64,,42
999269991,Donald,D,Moore,1983-11-05,4258 Washington Dr,M,125329.1,,48
506553391,Michael,D,Lopez,1988-12-10,9747 Lincoln Ave,F,111059.22,,20
705491190,Sandra,L,Nguyen,1963-11-25,3368 Cedar Blvd,F,92056.89,,21
628525007,Mary,P,Scott,1959-01-07,9761 Oak Dr,M,95756.09,,2
322358401,Susan,C,Jones,1971-08-04,7012 Maple Way,M,110716.41,,21
815824512,James,C,Flores,1986-02-05,1571 Main Rd,M,142304.1,,38
954946593,Sandra,D,Smith,1961-05-08,8466 Park Dr,F,68635.54,,31
111871482,Michael,E,Mitchell,1990-05-02,504 Park Dr,F,23138.18,,27
894475285,Jessica,N,Brown,1983-08-13,3354 Pine Way,M,32070.74,,13
764657323,Nancy,K,Campbell,1985-04-18,2617 Oak Blvd,M,74367.63,,47
192286195,Carol,L,Harris,1979-04-19,8084 Lake Blvd,F,65073.26,,9
420396197,Andrew,D,Perez,1973-08-21,9001 Park Ct,M,130637.77,,31
188043753,Anthony,R,Lewis,1964-12-13,6328 Oak Rd,M,134634.82,,33
953171966,William,A,Jackson,1976-08-11,9317 Park Ct,F,131437.28,,13
896104919,George,M,Wilson,1981-11-28,8497 Main Blvd,M,48702.44,,18
548791438,Sarah,K,Nelson,1975-04-08,7657 Main Blvd,M,30328.91,,39
920270702,Charles,P,Lewis,1975-04-22,7060 Elm Blvd,F,144321.02,,44
114629222,David,T,Mitchell,1962-03-07,7269 Elm St,F,84373.99,,42
416270056,Kevin,S,Gonzalez,1961-01-07,2898 Cedar Ave,F,129689.98,,21
206090203,Charles,P,Johnson,1984-05-12,5736 Maple Dr,F,77980.91,,5
905388622,William,A,Williams,1979-03-19,8332 Lincoln Ct,F,51791.75,,22
920975401,Sarah,N,Hernandez,1981-07-19,3268 Pine Ln,M,49419.66,,19
114285707,David,S,Robinson,1980-11-24,9961 Lincoln Rd,F,109786.1,,46
295958920,George,C,Lopez,1975-10-21,429 Main St,M,102932.93,,31
399456538,Barbara,R,Miller,1962-05-16,8247 Pine Blvd,M,32948.44,,5
294184632,Daniel,N,Ramirez,1968-09-08,6777 Elm Ln,M,80567.22,,35
964144020,William,E,Clark,1993-12-24,8493 Cedar Ln,M,46115.58,,41
221719840,Kevin,E,Lewis,1961-01-05,6341 Lincoln Way,F,42159.53,,3
251897211,Ashley,M,Thompson,1988-03-03,4291 Lincoln Ct,M,110337.4,,10
514121491,Barbara,W,Torres,1968-12-14,5783 Cedar Dr,F,110955.0,,34
443328397,George,C,Garcia,1979-09-13,9144 Maple Rd,F,139231.05,,2
474793903,Amanda,F,Nguyen,1988-03-04,8253 Pine Blvd,F,141916.37,,44
637383490,Linda,N,King,1974-07-02,2570 Main Dr,F,73194.94,,38
457345648,Daniel,R,Lewis,1989-11-06,800 Maple Blvd,F,90227.44,,49
246621292,Donna,J,Harris,1995-07-09,5694 Oak St,M,34581.52,,36
498630206,Kimberly,J,Walker,1984-04-11,2317 Main Ct,M,61299.44,,13
157783846,Sandra,D,White,1994-03-16,3881 Park Ct,F,27840.17,,40
629838219,Sandra,J,Thompson,1984-12-20,4099 Park Ct,M,29949.7,,25
804429087,Andrew,S,Harris,1973-07-03,3741 Washington Rd,F,56974.99,,46
821856853,Karen,B,Carter,1966-08-17,7345 Cedar Blvd,F,100783.14,,1
253745209,Kenneth,R,Young,1965-07-25,4535 Park Dr,F,92239.06,,47
259272239,Robert,E,Moore,1994-11-19,9084 Maple Way,F,86297.78,,1
682787203,Sandra,N,Jackson,1982-11-10,1725 Elm Ave,M,104451.2,,41
588322781,Betty,J,Nguyen,1979-11-12,1875 Pine Ct,M,99564.13,,1
878678109,Dorothy,J,Carter,1992-10-09,6657 Maple Ct,F,148378.02,,34
501911728,Lisa,M,Ramirez,1966-09-26,4515 Elm Ct,F,41038.46,,24
370581558,Jessica,R,Martin,1988-10-13,9676 Elm St,F,92989.43,,40
572828547,Carol,G,Martinez,1955-05-08,440 Lake Ct,F,73888.36,,37
786838420,Barbara,K,Green,1974-12-01,8045 Lake Dr,M,28728.47,,11
502858736,Kimberly,B,Flores,1972-02-10,1298 Maple St,F,73012.84,,13
739930411,James,J,Martinez,1963-09-09,2958 Elm St,M,51189.81,,1
881805071,Susan,N,Lee,1988-03-14,3884 Elm Blvd,M,102087.34,,27
418269605,Emily,R,Garcia,1988-05-05,8869 Maple Way,M,39101.14,,38
341266931,Robert,L,Johnson,1992-09-08,9741 Pine St,M,106627.57,,1
850403119,Richard,D,Hill,1983-09-27,9803 Lake St,M,31630.51,,19
344931629,Kimberly,H,Lee,1993-06-21,4097 Park Blvd,M,128676.26,,20
910805871,Kimberly,D,Allen,1980-08-02,2671 Cedar Rd,M,49900.68,,46
428176599,Brian,C,Williams,1973-03-20,4244 Park Dr,M,56582.59,,33
734549420,Sandra,P,Torres,1976-09-23,3969 Main Ave,F,34861.97,,40
185243980,Patricia,E,White,1986-05-07,2584 Washington Dr,M,50948.32,,48
648767863,Andrew,D,Garcia,1985-10-15,2613 Washington Rd,M,104719.4,,34
779863265,Mary,C,Mitchell,1988-04-13,6978 Lincoln Ln,M,31101.59,,1
399534668,William,L,Clark,1969-04-09,3364 Main Rd,F,110682.56,,18
681790182,Andrew,B,Torres,1988-04-25,7896 Park St,M,105573.07,,36
585811477,Christopher,C,Martin,1957-12-04,470 Maple Ave,M,140889.92,,49
613818484,David,F,Anderson,1992-11-17,9915 Park Dr,M,147290.99,,25
538543191,Mary,L,Anderson,1991-08-24,475 Lincoln Way,F,108496.89,,9
955690804,Kevin,F,Campbell,1965-01-14,8496 Elm Ln,F,93067.04,,14
990936811,Sandra,J,Hall,1974-09-18,6371 Lake Rd,F,117820.09,,48
901898947,Betty,W,Green,1972-08-05,6308 Main St,F,38517.95,,7
164804229,Melissa,A,Green,1976-09-11,7148 Elm Ln,F,78547.16,,17
943170042,Steven,W,Martinez,1960-12-09,2437 Pine Way,M,57804.26,,4
582767472,William,L,Mitchell,1982-11-11,9382 Main St,M,144057.64,,28
179419456,Mark,S,Nguyen,1980-09-17,6953 Park St,F,111212.46,,36
207445079,Daniel,M,Martin,1959-07-28,5026 Pine Ave,F,133872.44,,3
488192167,Christopher,J,Torres,1959-03-21,1202 Maple Ave,F,147056.02,,19
785257010,Mary,G,King,1987-06-25,7217 Park Ave,M,95155.89,,41
498303491,Joseph,L,Moore,1960-11-06,110 Elm Blvd,M,76905.86,,22
508244633,Paul,H,Allen,1990-11-26,5902 Elm Way,M,33086.59,,1
393494698,Margaret,P,Lewis,1964-12-02,1664 Oak Blvd,F,134560.49,,48
680145479,Joshua,P,Nelson,1988-05-10,2888 Cedar Way,F,115695.93,,34
308610937,Joshua,K,Lee,1982-09-24,483 Cedar Rd,F,46346.67,,18
677561127,Betty,R,Jackson,1962-08-05,1312 Maple Way,M,133613.58,,39
634756202,Thomas,W,Thompson,1994-10-10,6745 Cedar Ave,M,124354.6,,34
292643087,Jennifer,K,Clark,1985-12-05,3477 Main Rd,F,73564.07,,13
349804856,Jessica,S,Campbell,1981-01-11,3156 Pine St,F,61758.28,,34
884497112,Mary,D,Anderson,1961-02-04,7680 Park Way,M,98133.51,,45
935937148,James,S,Robinson,1987-08-19,5531 Washington Ln,F,57597.1,,4
443091856,Sarah,S,Wilson,1967-11-16,7936 Lincoln Dr,M,42414.34,,37
163215224,Joseph,C,Williams,1976-02-17,3999 Cedar Ct,M,93139.18,,1
339336253,Kimberly,N,Thompson,1977-08-26,7998 Lake St,M,77186.83,,16
770693402,Christopher,M,Garcia,1981-09-15,4406 Oak St,M,110966.89,,37
523425539,Patricia,B,Gonzalez,1956-05-10,3971 Washington Ave,F,34232.51,,6
749475049,Mary,E,Thompson,1975-07-22,1986 Park Rd,F,53904.53,,7
919390458,David,J,Lewis,1987-03-27,7267 Elm Dr,F,46538.89,,1
669618855,Donald,W,Carter,1955-02-22,5768 Lincoln Dr,M,144656.59,,45
886916528,Nancy,L,Thomas,1968-09-02,4168 Pine Way,F,43860.91,,42
475046939,Paul,C,Martinez,1993-03-01,6143 Lake Blvd,M,97028.79,,9
918375813,Kenneth,J,Scott,1965-06-07,1627 Elm St,F,21499.96,,39
417426432,Lisa,J,Rodriguez,1993-10-02,6545 Lincoln Rd,F,144109.98,,37
926703710,Andrew,M,Rivera,1991-03-07,2529 Pine Rd,M,33116.54,,36
315147688,Kenneth,G,Jones,1976-04-22,7894 Lincoln Ln,F,100093.41,,28
123661636,Joseph,T,Adams,1976-07-19,5716 Maple Ct,F,79540.92,,38
929296154,Amanda,T,Martinez,1977-01-16,1812 Cedar Way,M,35089.01,,48
560219456,William,R,Lopez,1958-05-13,5463 Pine Ct,F,77000.71,,1
812932571,Margaret,H,Torres,1985-11-12,6426 Elm Ln,F,122798.04,,4
824885563,Margaret,K,Garcia,1963-03-01,3226 Elm St,M,131671.56,,15
558084730,Michelle,F,Robinson,1983-02-04,9364 Maple Blvd,F,48956.22,,15
299190047,Donna,P,Davis,1990-01-08,3416 Main Rd,M,117063.48,,27
822211420,Dorothy,D,Garcia,1984-06-20,6196 Lincoln Rd,F,102098.19,,22
981837331,Donald,B,Taylor,1981-03-06,6624 Park Ave,F,124809.76,,24
833572515,Jessica,E,Walker,1959-12-07,5642 Pine Way,F,74283.96,,10
951078441,Lisa,K,Lewis,1962-08-23,5082 Washington Rd,F,85021.27,,1
836928463,Paul,S,Nelson,1977-09-10,2885 Park Blvd,F,32688.4,,10
500520940,Stephanie,S,Clark,1976-03-04,3669 Main Dr,M,123363.88,,37
423558333,Barbara,E,Thomas,1975-05-26,3532 Cedar St,F,114387.57,,49
308044071,Donna,W,Anderson,1971-05-18,8347 Pine Rd,M,61329.53,,16
380782622,Michael,D,Sanchez,1967-02-18,8258 Pine Blvd,M,80964.41,,8
688894456,Margaret,T,Nelson,1980-04-19,5852 Washington Ave,M,103261.02,,31
289768018,Thomas,A,Wright,1992-02-24,6358 Cedar Dr,F,48683.07,,19
884231079,Sandra,N,Wright,1959-06-16,9708 Oak Dr,M,119819.71,,25
142672287,Michelle,C,Clark,1992-10-17,5283 Cedar Dr,F,69095.64,,1
119151578,Carol,A,Robinson,1973-03-27,6699 Oak St,F,103820.84,,6
204541057,Sandra,L,Adams,1957-04-23,4837 Cedar St,F,72268.42,,6
891471133,Deborah,S,Anderson,1965-07-10,4149 Oak Ln,F,132506.31,,38
918671750,Michelle,J,Hill,1991-10-08,9870 Pine Dr,M,66703.97,,46
852384450,Timothy,M,White,1980-05-15,3047 Lake Blvd,M,125844.79,,48
650457212,Richard,S,Lewis,1979-08-09,9325 Lake Way,M,118343.78,,25
775983431,Deborah,D,Williams,1992-11-27,3220 Pine Ct,M,29734.35,,36
396500148,Dorothy,P,Taylor,1964-08-17,9688 Washington Ave,F,81419.63,,37
420893788,Andrew,G,Scott,1960-08-08,5471 Lake Rd,F,109644.12,,10
571447714,Linda,H,Wilson,1992-12-12,7115 Main Blvd,M,125758.88,,5
390230887,Karen,N,Martin,1960-01-09,6390 Lincoln St,F,70006.22,,4
739496339,Emily,L,Walker,1969-10-01,8804 Pine Ln,M,32375.96,,7
819616320,Margaret,P,Roberts,1958-05-14,4337 Elm Ct,F,121530.46,,47
391067723,Joseph,G,Roberts,1977-01-05,7303 Elm Way,M,77713.82,,49
708361982,Jessica,F,King,1987-01-23,9571 Park Dr,M,38941.74,,4
335150429,Timothy,H,Martinez,1963-09-11,5391 Washington Way,M,86332.1,,20
526416897,George,B,Scott,1967-03-02,828 Cedar Ct,F,87421.12,,34
482962150,Jennifer,A,Miller,1986-04-19,8209 Pine Way,F,33515.51,,47
557317997,Donna,F,Rivera,1986-05-08,8666 Elm Ave,F,51368.04,,44
654738715,Margaret,A,Campbell,1973-02-07,7459 Lake Ct,F,42173.68,,28
414974851,Patricia,N,Rodriguez,1980-11-01,7682 Park Ct,M,31005.68,,19
909493991,Matthew,W,Martinez,1962-03-03,5609 Washington Rd,F,41271.5,,18
817388568,Lisa,G,Campbell,1994-10-03,1070 Washington Blvd,M,82521.18,,12
232244172,Betty,B,Harris,1995-05-25,8861 Lake St,M,106056.09,,43
273098204,Jennifer,W,Taylor,1957-02-04,8392 Cedar Ln,M,74996.67,,44
505762456,Daniel,L,Garcia,1978-12-17,4606 Park Blvd,F,69103.75,,9
810728390,William,K,Brown,1978-01-15,6876 Cedar Ct,M,128120.62,,32
182100852,George,C,Johnson,1987-11-01,9633 Lake Way,M,137819.47,,37
542001632,Kevin,E,Hill,1963-06-01,9200 Elm Ct,F,139967.76,,5
317611435,Ashley,H,Garcia,1963-06-12,2905 Pine Ln,F,34132.73,,36
378164668,James,T,Rivera,1964-11-05,2437 Washington Rd,M,139397.41,,42
945923902,Kenneth,G,Ramirez,1962-09-08,2541 Cedar Blvd,M,54771.98,,1
199258043,Sandra,L,Carter,1974-03-07,5822 Washington Ct,F,89615.82,,12
150459504,Betty,L,Martinez,1990-07-14,9687 Pine Dr,F,31625.94,,44
660721366,Joshua,F,Smith,1973-06-28,7860 Pine Ln,M,36796.35,,29
313355557,Timothy,A,Wilson,1982-11-25,2511 Lincoln Blvd,F,71526.9,,11
689779617,Thomas,E,Clark,1994-05-11,1038 Oak Ln,M,114961.97,,19
838520660,Melissa,S,Thomas,1972-10-19,6244 Oak Ave,M,103151.73,,19
732771296,Mary,C,Davis,1958-08-19,8056 Lincoln Ave,F,24855.6,,49
583745511,Michael,L,Rivera,1960-09-21,2927 Oak Dr,F,49729.58,,1
669618090,Daniel,N,Johnson,1962-03-26,5386 Washington Blvd,F,51891.36,,15
716293206,Patricia,T,Lee,1989-02-28,8329 Elm St,F,62606.24,,10
165475776,Jennifer,J,Harris,1963-07-07,8714 Pine St,F,121649.05,,24
982277976,George,N,Young,1956-07-22,7090 Main Ln,M,138079.55,,19
515864153,Stephanie,F,Roberts,1979-01-10,3092 Pine Ln,F,49735.23,,30
873686824,Karen,L,Gonzalez,1978-04-14,6173 Lake Ct,F,71093.57,,48
707665448,John,M,Wright,1982-11-12,1229 Park Ln,M,117966.2,,1
405947579,Carol,E,Davis,1974-08-26,7183 Cedar Blvd,F,106517.64,,25
195628804,Betty,F,Torres,1962-01-23,8715 Washington Ct,F,35406.61,,47
873174285,Anthony,S,Scott,1970-12-16,8141 Lincoln St,M,73539.55,,1
807079239,Jennifer,R,Adams,1979-05-21,7392 Maple St,M,35161.59,,9
407592236,Sarah,F,Perez,1965-10-11,9823 Washington Ave,M,30672.33,,49
823778656,Betty,A,Anderson,1959-01-01,6533 Cedar Dr,F,120471.98,,2
916668272,Joseph,B,Roberts,1986-05-14,5202 Maple Blvd,M,61787.59,,38
642849045,Donald,S,Hernandez,1959-08-11,4046 Maple Rd,M,85900.81,,37
816601935,Nancy,F,Flores,1974-06-14,3405 Lincoln Ave,M,57356.22,,5
389855641,Sarah,W,Ramirez,1979-04-05,2550 Lincoln St,M,74797.69,,10
917010043,Sandra,H,Flores,1964-12-17,3161 Pine Rd,M,132341.68,,46
731686891,James,D,Walker,1957-08-26,6016 Washington Ave,F,40644.9,,37
164463569,Jessica,J,Walker,1995-02-15,5583 Cedar Ln,F,92845.5,,18
482433311,Michelle,S,Scott,1964-05-11,8041 Maple Dr,M,144504.34,,40
204014085,Robert,P,King,1981-11-10,7160 Main Blvd,F,44232.01,,10
678635128,Matthew,F,Jones,1985-06-23,306 Park St,M,98876.27,,26
730790953,Deborah,W,Lopez,1975-12-02,8853 Oak St,F,70037.18,,24
120422206,Sandra,L,Scott,1959-05-21,6934 Lincoln Ave,F,100950.57,,43
253756136,John,G,Ramirez,1988-05-19,5250 Elm Ln,F,41527.03,,20
806832877,Paul,N,Gonzalez,1988-11-16,9135 Main Rd,F,73274.59,,22
721332807,Joshua,W,Jackson,1957-08-13,8064 Park Ct,M,112857.74,,35
552127953,Sarah,G,Anderson,1958-12-05,2020 Main Way,M,110495.93,,29
817233555,Dorothy,S,Green,1980-10-12,9003 Lincoln Rd,M,48460.97,,50
523313146,Mark,A,Allen,1980-07-23,6447 Maple Way,M,131270.34,,19
436709263,Kenneth,R,Hernandez,1966-05-01,3027 Lake St,M,146869.06,,24
875362788,Melissa,P,Johnson,1955-12-27,8975 Lake Blvd,M,115663.54,,27
898493949,Donald,R,Taylor,1970-11-09,8640 Lincoln Dr,F,85190.37,,1
633175155,Mary,D,Anderson,1984-02-05,4613 Pine Way,F,91460.35,,36
464090064,Emily,M,Carter,1964-04-20,8441 Washington St,M,21167.42,,1
953227163,Stephanie,K,Roberts,1993-11-02,8236 Lake Dr,F,121357.72,,17
383114202,Sarah,W,Moore,1959-10-13,6520 Main Blvd,M,124189.6,,14
626464697,Mary,N,Williams,1986-02-16,4231 Park Ave,M,51900.64,,47
348910141,Jennifer,B,Torres,1966-05-18,7804 Washington Blvd,M,22233.64,,14
631530009,Amanda,W,Allen,1959-03-15,8444 Washington Way,F,98938.39,,15
219695502,Karen,B,Adams,1957-11-23,5950 Main Ct,M,23196.26,,25
569942271,James,W,Lopez,1958-01-09,8948 Oak Way,F,61625.76,,44
585242269,Lisa,R,Taylor,1962-02-06,5084 Lake St,M,128670.22,,22
107390903,Deborah,B,Baker,1981-09-16,6413 Elm Way,F,134836.42,,36
989955551,Susan,C,White,1973-09-22,1945 Maple Blvd,F,90647.18,,36
157115850,Dorothy,K,Smith,1982-06-22,110 Oak Rd,M,65528.37,,20
518207486,Paul,M,Smith,1985-02-02,5857 Park St,M,35101.92,,25
982971099,Dorothy,D,Ramirez,1978-11-27,7632 Main Way,M,108703.89,,1
906219798,Robert,S,Sanchez,1989-01-17,6921 Washington Blvd,M,125867.34,,30
200398208,Daniel,R,Robinson,1989-08-04,1506 Main Ave,F,119868.16,,14
243857676,George,K,Robinson,1966-06-22,1043 Maple Dr,M,51917.93,,14
397613106,Charles,P,Thomas,1969-04-20,9990 Lake Rd,F,129299.84,,11
465830215,Susan,B,Taylor,1985-02-27,1170 Washington Ct,M,96162.12,,1
793627337,Matthew,N,Anderson,1971-02-14,4024 Park Rd,F,104299.42,,36
737249630,Dorothy,C,Hill,1962-03-13,893 Main Blvd,M,46941.93,,9
158662128,Karen,S,Campbell,1969-06-21,847 Cedar Ct,F,48770.31,,12
361670087,Betty,G,Williams,1963-09-03,6947 Maple St,F,52950.54,,14
880357575,Timothy,A,Hill,1961-07-13,439 Elm St,M,37183.28,,7
206122847,Karen,T,Martin,1980-01-03,9392 Elm Dr,F,52772.84,,17
932858219,George,B,Gonzalez,1974-04-19,8355 Park Ave,F,46721.04,,32
738111425,Jennifer,L,Robinson,1957-02-17,5219 Oak Rd,M,61714.45,,14
766796289,Barbara,K,Smith,1976-12-26,1923 Cedar Ct,F,22957.25,,15
235555899,Steven,L,Miller,1983-02-17,7586 Oak Blvd,F,119674.77,,1
545539382,John,D,Green,1979-03-25,5912 Lake St,F,32807.88,,43
708136911,John,T,Walker,1959-11-13,8220 Main Blvd,M,23243.72,,18
297952816,Carol,D,Nelson,1970-03-23,758 Pine Dr,M,115062.82,,45
312111726,Jennifer,T,Allen,1964-07-04,8085 Oak Blvd,F,49392.38,,27
608693948,Karen,N,Green,1992-11-02,3494 Pine Dr,F,132211.87,,27
501073600,Michelle,M,Nelson,1968-04-05,2868 Main Ct,M,110910.37,,14
443254980,Ashley,E,Thompson,1965-01-09,6017 Washington Ln,M,57681.31,,35
938842599,Carol,B,Carter,1956-04-07,433 Lake Blvd,M,60098.55,,1
781804304,Brian,M,Hall,1958-11-13,7047 Pine Dr,F,24485.98,,25
929036827,Stephanie,C,Hall,1975-06-25,7404 Pine Blvd,F,80882.43,,31
623805398,Sandra,R,Ramirez,1993-12-09,5322 Lake Ave,F,75810.69,,38
461808085,Christopher,D,Rodriguez,1989-02-15,8172 Maple Ave,M,50447.33,,25
543894981,Anthony,R,King,1978-01-15,2485 Oak Ave,M,63979.47,,27
913613821,Kevin,W,Flores,1991-09-06,8243 Park St,M,144620.8,,22
962379647,Kimberly,S,Rodriguez,1990-07-13,251 Cedar Ave,F,149446.76,,48
180650532,Dorothy,K,Mitchell,1974-07-01,528 Cedar Ln,M,112534.04,,10
315662642,Donald,L,Lopez,1980-06-10,8144 Lake Dr,F,68887.19,,27
670017400,David,M,Hernandez,1961-11-06,3807 Main Way,M,56194.78,,27
887125715,Jennifer,M,Perez,1966-02-13,6657 Lincoln Rd,F,109687.32,,32
895076763,Donna,T,Mitchell,1958-12-07,8558 Main Ct,M,49060.67,,45
649481705,Timothy,E,Wilson,1978-02-07,583 Maple Blvd,M,30847.56,,46
609838807,Andrew,H,Walker,1974-02-13,668 Park Blvd,M,143403.13,,30
201474984,Emily,N,Jackson,1971-12-28,9974 Main Ln,M,37482.19,,1
691021047,Jennifer,T,Martinez,1984-04-01,7129 Pine Rd,M,63857.21,,39
110983904,Kevin,D,Torres,1965-10-02,2818 Main Ave,F,120961.84,,21
261794917,Anthony,L,Robinson,1970-12-05,8073 Maple St,M,122305.09,,7
931715844,Daniel,S,Harris,1972-05-19,7572 Cedar Ct,M,112425.64,,2
393965039,Kenneth,W,Jackson,1959-12-24,3659 Lincoln Way,M,149391.13,,6
727568144,George,K,White,1994-07-09,9293 Park Dr,M,97043.09,,8
207259353,Timothy,R,Rivera,1967-03-15,9847 Park St,F,112078.61,,39
590641779,Joshua,K,Baker,1983-04-18,6772 Cedar Way,M,131380.59,,32
428105366,Deborah,A,Young,1977-06-08,6967 Washington Way,F,62390.34,,3
921495018,Andrew,S,Allen,1961-06-12,4353 Main Way,M,119115.54,,40
527876691,Kenneth,D,Perez,1987-02-09,9165 Park Ave,M,78062.27,,35
509935637,Carol,F,Sanchez,1984-02-09,7068 Main Dr,M,101843.87,,19
937332060,Donald,E,Allen,1993-08-23,6226 Main Way,F,81600.1,,12
312622922,Dorothy,F,Allen,1962-08-19,3582 Main Dr,M,117489.05,,50
873403266,Christopher,J,Jones,1991-06-04,8325 Oak Blvd,M,124563.94,,4
356602785,Margaret,A,Ramirez,1958-02-26,4583 Park Way,M,85227.74,,48
923973312,Amanda,H,Brown,1976-07-20,231 Washington Ct,F,56689.04,,7
190906681,William,P,Robinson,1993-07-20,3045 Lincoln Way,F,70012.91,,16
775284722,Kenneth,E,Anderson,1962-03-13,728 Cedar Dr,M,75419.39,,41
401459841,Dorothy,G,Smith,1967-11-13,1917 Cedar Ct,M,91732.07,,44
744053736,Mary,P,Jones,1990-02-23,2484 Oak Ln,F,71124.75,,31
488047414,Jessica,N,Miller,1986-01-14,1305 Lincoln Ave,M,109353.73,,26
996714792,Ashley,F,Taylor,1972-07-19,3767 Elm Ct,M,93216.18,,30
761962359,Deborah,K,Nguyen,1976-09-27,8451 Park Ct,F,34246.78,,1
112037305,Amanda,J,Martinez,1983-06-06,3649 Oak Dr,F,110576.51,,42
232568472,Karen,S,Green,1968-08-10,6271 Oak Ln,M,127625.01,,15
716435189,Joseph,P,Scott,1994-10-22,9221 Oak Rd,M,25412.48,,1
150242357,Karen,P,Davis,1962-08-06,9953 Maple Way,M,94933.8,,20
628276702,Richard,L,Johnson,1964-01-18,462 Main Ave,F,54995.37,,47
308472258,Kenneth,M,Moore,1967-06-05,625 Lake St,F,37745.19,,31
178830977,Joshua,M,Martin,1962-10-14,6368 Washington Rd,F,23103.86,,33
902759981,James,G,Lewis,1978-09-07,191 Lake Rd,F,32234.1,,25
565335683,Michael,T,Lee,1967-09-22,683 Oak Dr,M,96224.64,,16
805399640,Betty,M,Martinez,1975-02-01,5319 Oak Ln,M,80498.96,,22
685861719,Jessica,N,Roberts,1990-12-09,5998 Lincoln Ct,F,20025.43,,4
841760327,Timothy,D,Jones,1956-08-25,7165 Oak Dr,M,24263.05,,44
520484091,Richard,L,Nguyen,1976-11-22,7822 Oak Way,M,139950.72,,41
775960462,Kimberly,G,Nguyen,1983-11-14,2453 Oak Ln,M,102875.37,,19
124045945,Lisa,B,Davis,1974-03-09,7586 Pine Ave,M,134437.77,,32
229934440,Mary,F,Garcia,1991-03-22,3319 Lincoln Ln,F,82124.37,,44
413975774,William,N,Walker,1962-11-03,1351 Cedar Dr,F,111683.17,,24
354044979,James,M,Young,1995-04-24,5164 Lincoln Blvd,F,50534.2,,37
817662257,George,E,Adams,1981-03-27,4960 Main St,F,69007.82,,23
483656443,Robert,L,Davis,1978-02-02,2575 Main Way,F,97949.49,,45
609586681,Thomas,E,King,1982-01-10,7453 Washington Ln,M,32657.36,,36
485010812,Kimberly,D,Roberts,1969-01-18,8941 Lake Dr,M,62884.4,,21
894319323,Barbara,G,Jones,1962-03-07,2625 Lincoln Rd,F,108682.37,,41
905039950,Karen,C,Campbell,1966-04-28,580 Elm Way,M,60424.2,,49
670866707,Matthew,G,Gonzalez,1988-11-08,9439 Main Way,M,119616.84,,38
950089047,Lisa,D,Sanchez,1991-10-19,4107 Lake Dr,F,55852.43,,30
914015094,Dorothy,F,Wright,1960-03-19,2031 Washington Dr,F,104788.26,,21
230307805,Ashley,E,Robinson,1988-09-20,5298 Lincoln Way,F,121776.75,,1
369296768,Susan,M,Robinson,1967-11-02,6511 Washington Blvd,F,85727.3,,16
711768303,Thomas,A,Rivera,1993-08-14,2284 Washington Dr,F,60277.29,,46
998697433,Christopher,E,Johnson,1960-08-27,7961 Lincoln Rd,M,62825.5,,4
103098643,Amanda,B,Thompson,1993-04-27,7308 Lincoln Ct,F,71724.88,,39
854985336,Margaret,F,White,1995-08-23,122 Elm Way,F,89019.64,,20
308915593,Paul,D,Perez,1980-03-09,1404 Maple Blvd,F,113914.71,,32
264481748,Ashley,M,Clark,1990-08-25,8906 Pine Dr,M,88315.87,,35
867064555,Charles,M,Baker,1963-12-21,3013 Park Ln,M,118900.75,,37
809457825,Richard,K,Hall,1979-02-21,5986 Lincoln Ave,F,115592.14,,10
947134005,Charles,T,Allen,1966-12-03,8754 Park Rd,F,89789.24,,27
103302620,Margaret,G,Green,1974-06-19,1447 Elm Blvd,M,87127.57,,43
749701221,Linda,K,Campbell,1958-12-07,8677 Park Rd,M,122792.21,,29
125148911,Mary,W,Nguyen,1971-04-27,5079 Washington Ave,M,129405.85,,18
581997700,Anthony,R,Mitchell,1982-05-25,7916 Main Blvd,M,39793.33,,2
761662253,Mark,E,Lewis,1957-04-07,6224 Main Ave,M,116145.61,,17
556218652,William,S,Wilson,1983-02-12,8722 Washington Way,F,95959.49,,42
659597342,Joshua,F,Ramirez,1957-09-16,8390 Park Blvd,M,65841.43,,13
601463916,George,B,Baker,1961-01-13,5659 Elm Dr,M,65217.52,,1
566609283,Daniel,L,Ramirez,1993-09-04,6411 Lake Dr,F,53551.88,,1
467659963,Paul,T,Flores,1995-02-09,4494 Cedar Rd,M,60696.71,,22
960345542,Joshua,E,Taylor,1958-11-16,6181 Park Ave,M,28551.89,,1
865331071,Donna,N,Rodriguez,1982-05-06,2765 Main Ct,F,86589.48,,6
749703359,Robert,R,Walker,1975-11-21,6737 Washington Blvd,M,124434.1,,43
445570872,Ashley,S,Allen,1990-12-24,1434 Elm Way,M,68839.19,,50
118058086,Dorothy,R,Lewis,1993-05-13,2759 Oak Ct,M,114382.76,,50
695927284,Kimberly,K,Williams,1983-07-14,4207 Main St,F,104851.34,,26
427064197,Deborah,L,Lewis,1986-12-12,9040 Cedar Ct,F,67357.61,,2
847408994,Donna,T,Walker,1990-01-20,2256 Lincoln St,F,66928.26,,17
730822915,Anthony,D,Moore,1992-08-07,1631 Maple Dr,M,32156.32,,18
644068557,Donna,T,Davis,1965-04-04,8113 Lake Ln,F,73966.62,,15
522562723,Timothy,P,Smith,1980-01-14,5893 Main Ct,F,22532.35,,47
994453272,Melissa,L,Nguyen,1970-05-26,717 Elm Ln,M,71289.0,,7
240354421,Richard,N,White,1995-11-03,9640 Lake Rd,M,22834.02,,6
242734041,Nancy,F,Green,1975-11-16,1206 Maple St,F,69708.28,,42
628087492,Michael,P,Hernandez,1958-05-06,8999 Maple Ave,F,54866.63,,37
412572176,Kevin,T,Jones,1984-01-12,8595 Oak Blvd,F,131761.96,,28
836657349,George,D,Adams,1980-01-06,5326 Main Way,F,21506.53,,43
899358066,Linda,H,Rodriguez,1964-12-08,5136 Main Dr,M,147544.24,,29
942816002,Andrew,M,Brown,1955-03-28,6943 Oak Ave,F,34429.19,,15
821160591,Jennifer,D,Torres,1986-03-03,8483 Elm Ave,F,103763.78,,31
344378798,Joseph,A,Nelson,1967-07-11,4664 Elm Rd,F,101318.9,,1
656842161,Barbara,F,White,1962-03-01,8251 Pine Rd,F,101290.62,,18
143430175,John,J,Torres,1989-04-23,2672 Elm Ave,M,130565.48,,8
511017218,Margaret,N,Ramirez,1989-04-22,2941 Lincoln Blvd,M,92204.81,,25
455281449,John,H,Nelson,1989-07-24,9901 Cedar Rd,M,58757.84,,40
690867469,Deborah,T,Rodriguez,1981-01-07,3929 Maple Ave,M,33321.72,,25
737322987,Donna,M,Baker,1984-07-11,7285 Main Rd,M,50194.26,,33
167569640,Timothy,R,Torres,1994-07-16,453 Park St,F,59909.16,,45
929328811,David,P,Brown,1980-01-22,2573 Lake St,F,74509.69,,45
353190231,Anthony,E,Moore,1987-04-11,6154 Oak Ln,F,126805.17,,38
759787964,Christopher,F,Johnson,1958-05-13,1717 Maple Blvd,F,136091.43,,18
353087594,Brian,M,Hall,1990-07-26,919 Elm Ct,M,132184.0,,33
920512930,Sandra,J,Hall,1972-10-07,6685 Lake Ln,M,69389.8,,41
294394462,Timothy,R,Ramirez,1985-12-22,7865 Cedar Way,M,119295.16,,41
436168130,Deborah,T,Wright,1956-12-15,294 Maple Dr,M,107533.49,,3
871336275,Christopher,M,Sanchez,1963-06-17,9302 Elm Ln,M,33994.18,,1
159264825,Kenneth,C,White,1989-06-03,7630 Cedar Dr,M,92081.81,,26
881434315,Stephanie,C,Wright,1969-01-13,7998 Elm Ln,F,108638.65,,27
568294151,Sandra,B,Gonzalez,1965-05-05,577 Cedar Rd,M,103758.2,,4
115430761,Betty,M,Johnson,1974-05-17,2143 Lincoln Ct,F,73350.29,,24
206035856,John,N,Nelson,1986-09-20,9771 Cedar St,F,48693.96,,47
149395876,Lisa,F,Martinez,1983-07-08,5012 Washington St,M,100865.1,,23
559175471,Betty,N,White,1955-05-12,5856 Cedar Ct,M,48040.37,,30
721996865,Sandra,T,Allen,1964-12-20,1098 Cedar Ln,F,95240.77,,10
736821089,Mark,K,Garcia,1981-04-13,5794 Washington St,F,131527.12,,4
509539711,Margaret,A,Walker,1965-09-08,2334 Washington Rd,M,58747.35,,48
582478452,Richard,J,Walker,1979-05-06,7970 Pine Ct,M,22228.95,,17
416143580,Stephanie,E,Roberts,1982-07-19,9272 Oak Way,M,148702.94,,32
556323792,Daniel,F,Moore,1971-05-22,5989 Cedar Rd,F,26953.34,,36
329234183,Melissa,B,Lewis,1991-07-08,7602 Pine Ave,M,23898.4,,43
295070777,Carol,L,Robinson,1988-12-24,7184 Oak Way,F,20826.01,,26
169749378,Barbara,H,Roberts,1960-02-01,320 Maple Ave,M,95758.14,,31
929362584,Andrew,P,Brown,1963-07-23,6977 Lincoln Way,F,127128.16,,31
287362923,Barbara,B,Anderson,1962-11-02,3118 Park Ct,F,25454.23,,47
805713699,Donna,C,Green,1974-04-18,9121 Main Dr,M,62263.33,,25
507083673,Karen,P,Taylor,1960-08-01,8937 Oak Ln,M,102011.88,,1
267225747,Donald,E,Green,1968-06-19,613 Lake Way,M,141739.76,,25
660256254,Charles,A,Anderson,1978-10-12,4871 Cedar Blvd,F,81787.03,,30
365545740,John,J,Mitchell,1962-07-21,6665 Main Rd,M,29948.52,,34
278955493,Kevin,T,Sanchez,1955-06-06,2037 Oak Blvd,F,38140.33,,31
194195977,David,P,Martin,1965-07-02,3883 Pine Way,M,123654.14,,46
608941911,Sandra,A,Davis,1965-03-24,7395 Lincoln Ct,M,131773.54,,39
876692943,Betty,F,Smith,1995-09-17,1745 Cedar Dr,M,100752.09,,31
634211672,Betty,T,Moore,1960-12-14,1393 Washington Blvd,F,29636.34,,1
957579922,Robert,A,Martinez,1964-06-05,6499 Lincoln Ct,M,34711.32,,29
981854842,Michael,R,Young,1970-02-18,303 Washington Dr,M,66592.74,,17
396225446,Richard,D,Robinson,1960-11-07,9883 Oak St,F,69486.27,,1
201684681,Stephanie,W,Rodriguez,1990-12-11,1856 Park Ave,F,141974.85,,42
444603491,Matthew,D,Harris,1971-09-24,4733 Oak Ln,F,83284.61,,20
758663681,Brian,T,Wright,1990-12-25,1967 Washington Ct,M,35153.53,,10
687469231,Christopher,B,Davis,1959-07-17,8853 Oak Blvd,F,68148.38,,11
475748989,Kevin,S,Lopez,1956-12-27,2568 Washington Way,F,110471.05,,27
289718787,Kenneth,L,Thompson,1991-01-10,6613 Elm St,M,80404.27,,13
462424201,Jessica,M,Adams,1958-07-08,7944 Pine Ave,M,89104.44,,19
398238769,William,J,Brown,1970-04-18,2003 Oak Ln,F,62193.04,,47
627986559,Jennifer,S,Thompson,1981-06-11,1813 Main Ln,F,105494.2,,1
949206491,Mary,F,Hill,1972-12-05,4845 Oak St,M,116292.98,,27
422040680,Margaret,S,Lopez,1970-09-09,7294 Lake Ave,F,39012.03,,3
743761010,Sandra,H,Williams,1994-10-07,8873 Cedar Blvd,F,52132.31,,42
372473079,Steven,A,Hill,1972-01-21,4604 Lincoln Way,M,149445.92,,47
306034770,Thomas,P,Lewis,1995-10-04,2821 Elm Rd,M,69104.71,,19
711334576,Ashley,N,Johnson,1993-04-05,464 Elm Blvd,F,134553.34,,50
708449151,Daniel,K,Davis,1955-08-22,2510 Lincoln Blvd,F,101093.37,,44
532387352,Susan,J,King,1993-08-17,7203 Elm St,M,144666.32,,16
690729993,Daniel,C,Rivera,1975-09-08,3112 Park Ave,M,74071.06,,36
301360343,Kenneth,R,Garcia,1984-01-11,9612 Park Rd,F,140307.27,,8
105680775,Jennifer,E,Walker,1993-07-03,1149 Cedar Dr,F,30405.17,,4
285250002,Amanda,K,Flores,1992-02-22,2294 Maple Ave,M,59699.4,,13
664037702,Nancy,C,Nguyen,1979-02-01,6808 Cedar Way,M,92255.8,,47
592395371,Anthony,F,Carter,1976-04-10,9989 Main Blvd,M,31241.66,,35
961201669,Christopher,L,Green,1971-12-15,4573 Pine Ln,F,47381.11,,40
169001266,Nancy,A,Nguyen,1970-08-16,1751 Oak St,F,117733.83,,2
425545658,James,G,Gonzalez,1962-12-25,7946 Pine Dr,F,138966.44,,37
874301128,Amanda,M,Perez,1989-11-06,4914 Pine St,M,81078.17,,21
587021077,Donald,B,Sanchez,1986-04-13,8591 Main St,F,119389.68,,26
681564334,Joseph,W,Lewis,1964-11-16,2530 Maple Ave,M,40221.74,,40
153198929,Brian,M,Nguyen,1984-12-01,3036 Maple Ln,M,40996.56,,12
706445962,John,S,Williams,1958-06-03,5156 Oak Ln,F,144636.07,,34
194083770,Deborah,S,Lewis,1979-03-19,6612 Lake Ave,F,49182.91,,27
699429663,Ashley,M,Johnson,1994-11-28,8715 Main Blvd,M,27892.53,,5
241684797,Lisa,F,Taylor,1969-08-12,4820 Oak Blvd,F,56969.66,,12
565178496,Sarah,W,Smith,1989-04-19,632 Washington Ln,F,27912.52,,24
206273231,Carol,F,Jones,1977-09-26,2139 Park Ct,M,109231.41,,38
443202087,Daniel,A,Taylor,1985-07-25,8931 Elm Way,F,143385.9,,45
568213197,James,T,Wright,1967-06-14,1246 Maple Ln,M,107580.62,,1
361899532,Kimberly,F,Scott,1965-06-18,7085 Lincoln Dr,F,101868.84,,13
283055765,Betty,D,Perez,1970-09-28,2031 Cedar Rd,F,58160.86,,15
627941788,Paul,C,Moore,1976-10-01,471 Lake Blvd,M,77888.34,,38
469517811,Mary,P,Davis,1977-11-20,3359 Lake Blvd,F,66164.17,,45
977825620,Anthony,S,Campbell,1988-02-08,7083 Lincoln Ln,M,22087.38,,41
646357450,Lisa,S,Campbell,1980-01-19,5020 Cedar Ave,M,92151.83,,16
982978122,Karen,W,Allen,1990-10-19,2634 Elm St,F,66235.25,,10
355065530,Michael,B,Sanchez,1991-09-27,8143 Main St,F,20496.02,,7
409272679,Susan,T,Rodriguez,1974-10-04,1459 Washington Ln,M,37696.29,,2
636337835,Margaret,K,Smith,1961-10-04,8797 Maple Rd,M,70630.24,,21
551160662,Brian,W,Roberts,1965-10-13,3641 Maple Dr,M,146326.79,,38
298407302,William,S,Lee,1970-01-09,6384 Pine Ct,F,144024.53,,21
673234879,Matthew,F,Flores,1977-10-27,1643 Main Ln,F,46538.2,,41
361611400,Donna,B,Rodriguez,1961-11-20,6262 Main St,F,30493.94,,2
129367590,Donald,D,Taylor,1959-07-21,3710 Pine Ln,F,144207.94,,35
288378546,Carol,E,Walker,1961-02-25,1328 Lincoln Ln,F,75370.43,,9
810694145,Kimberly,R,Thompson,1971-02-18,1477 Maple Way,M,39580.61,,34
894582888,Paul,G,Wilson,1989-09-25,4337 Park Ct,M,110359.25,,44
597012485,Susan,F,Sanchez,1957-02-14,4976 Maple Ct,F,101095.35,,18
529563416,Richard,R,Roberts,1957-06-22,276 Oak Rd,M,47128.21,,28
153689819,Michael,T,Torres,1961-06-14,7937 Pine Rd,F,133016.35,,33
945436943,Brian,D,Harris,1957-08-08,3369 Lincoln Ln,F,115643.09,,1
461608429,George,F,Gonzalez,1967-03-17,2611 Lake Dr,M,37717.98,,10
231437224,Margaret,J,King,1962-09-17,181 Cedar Rd,M,91172.1,,32
258391889,George,J,Garcia,1966-08-02,4614 Lake Dr,F,42485.87,,49
396686966,Nancy,A,Williams,1955-01-25,496 Oak Ave,F,41440.11,,49
218609961,Michael,T,Nelson,1959-01-27,2226 Main St,M,33917.17,,14
409637808,Robert,D,Hernandez,1972-02-23,2524 Lincoln Blvd,M,87689.39,,42
975155164,Sarah,M,Lewis,1994-11-22,7885 Park Way,M,20406.78,,42
655363795,George,J,Hernandez,1978-03-24,4503 Elm St,F,124924.02,,19
309254786,Christopher,N,Campbell,1977-03-23,1695 Maple Way,M,85283.03,,11
128370531,Stephanie,P,Garcia,1963-10-10,4075 Lake Ln,M,100715.67,,38
593657365,Robert,L,Torres,1982-10-13,6943 Cedar Ave,F,20625.7,,1
897717178,Stephanie,T,Hill,1978-04-21,4621 Pine Way,M,135335.19,,10
882931517,David,M,Miller,1973-05-18,9089 Elm Ave,M,133518.75,,2
992582047,Brian,C,Clark,1986-03-21,5061 Pine Rd,M,112980.73,,26
652177932,Kimberly,W,Roberts,1977-07-06,2342 Maple Way,F,27587.99,,22
828327980,Paul,K,Lewis,1994-06-26,1175 Pine Ct,M,30422.15,,13
625294300,Carol,T,Anderson,1956-10-19,9481 Lincoln Rd,M,123264.68,,13
755813451,Margaret,H,Baker,1966-02-15,4962 Pine Ln,F,53284.37,,50
773020489,Melissa,S,Wright,1957-10-03,3946 Cedar Dr,M,84718.28,,1
336590009,Karen,D,Smith,1970-11-10,7230 Lake Way,F,47740.42,,8
211734883,John,S,Allen,1969-11-12,7169 Lincoln Rd,M,22787.62,,5
361618173,Timothy,P,Flores,1980-08-18,9382 Lincoln Way,M,93631.31,,35
337184468,Kenneth,D,Young,1964-06-24,1374 Pine Ln,F,41825.36,,7
692288022,Deborah,J,Garcia,1987-04-09,3675 Lincoln Rd,M,139849.52,,35
434961542,Andrew,N,Sanchez,1967-02-19,4078 Elm Rd,M,113698.38,,1
371147197,Timothy,W,Thompson,1978-08-21,2023 Washington Ave,F,74470.54,,34
948239575,Sarah,L,Johnson,1966-05-02,2176 Washington Ave,M,88100.2,,1
196348005,George,F,Gonzalez,1963-10-24,7099 Elm Ln,M,36262.15,,43
186019028,Susan,C,Hill,1959-11-28,3953 Washington Ave,M,96313.95,,1
594463016,Timothy,B,Harris,1969-12-13,2606 Elm Way,F,67017.17,,21
405460403,Joshua,A,King,1963-05-01,5020 Pine Dr,F,22821.18,,46
647459629,Sandra,J,Lewis,1957-09-06,2021 Pine Way,F,55661.74,,13
989006374,Paul,J,Scott,1972-03-04,9714 Pine Dr,M,40095.02,,1
330307055,Donald,P,Mitchell,1960-09-11,1968 Park Way,M,71694.42,,8
562619968,Steven,L,Brown,1983-05-12,1702 Oak Way,F,45211.11,,14
846290420,Donna,D,Mitchell,1965-02-12,3361 Maple Dr,F,35959.08,,29
324822604,Timothy,F,Torres,1965-08-26,1542 Main Way,F,72441.15,,32
510406943,Joshua,W,Mitchell,1973-02-14,6358 Elm Blvd,M,83044.21,,5
832999366,Robert,F,Lopez,1987-02-13,765 Washington Rd,F,36908.65,,39
442592338,Mark,M,Mitchell,1985-06-16,5019 Lincoln Ln,M,49654.51,,12
885876277,John,W,Mitchell,1980-04-06,1477 Park Ave,M,114482.36,,42
716019237,Karen,F,Mitchell,1967-08-24,3371 Pine Dr,F,46881.22,,14
564071937,Melissa,S,Hernandez,1993-10-10,9725 Pine Ct,F,46221.35,,11
195758283,Lisa,C,Wilson,1962-10-25,4167 Maple Blvd,M,112915.52,,8
176100340,James,G,Adams,1986-02-15,1094 Maple Way,F,123252.45,,5
928937053,Emily,R,Nelson,1961-11-28,5709 Park Rd,M,121654.05,,29
932120169,Michelle,S,Mitchell,1958-12-05,8598 Pine Ln,F,35764.31,,1
152936042,Linda,D,Flores,1963-12-20,3058 Oak Ct,F,52031.55,,26
888714879,Dorothy,R,Anderson,1982-04-28,8936 Pine Ave,M,90656.53,,22
729712082,Emily,W,Perez,1962-07-12,7029 Oak Rd,F,30549.39,,1
655511084,Daniel,E,Roberts,1990-11-19,3081 Main Way,M,44941.72,,1
493841945,Steven,P,Clark,1976-03-12,4385 Park Dr,F,56613.35,,7
750009892,Nancy,R,Wright,1963-04-21,2370 Lake Dr,M,60169.79,,47
786208311,Patricia,K,Thomas,1968-04-07,5917 Pine Rd,F,134852.43,,9
517532243,Nancy,N,Campbell,1965-08-05,8851 Oak Way,M,56716.71,,1
963968184,Ashley,K,Baker,1989-03-03,7337 Maple Rd,F,105225.39,,1
853818040,Sandra,C,Jones,1960-05-22,5959 Lincoln Way,M,137860.11,,10
383996078,Paul,M,Smith,1986-12-14,7230 Maple Dr,F,60567.35,,48
298435923,Barbara,H,Hernandez,1987-12-23,9056 Pine Ct,F,57704.7,,44
191927283,Kimberly,M,Jones,1988-09-17,8416 Park St,F,46199.94,,1
621689527,Mark,L,Flores,1974-12-19,2596 Lake Ln,F,144625.66,,12
922334721,Joseph,C,Jackson,1993-09-14,4323 Pine St,M,95138.33,,9
489122363,Emily,S,Rodriguez,1962-01-12,6012 Main Rd,F,38738.23,,37
208652175,Mary,E,Harris,1962-06-07,5098 Lincoln Dr,F,125233.41,,44
811237418,David,B,Green,1968-06-01,698 Washington Ave,F,85077.81,,32
874807770,Christopher,C,Brown,1964-03-25,915 Elm Rd,F,39858.16,,1
881538189,Christopher,C,Flores,1994-07-13,3914 Washington Ln,M,144550.33,,30
784428973,Daniel,P,Flores,1972-06-09,4475 Elm Rd,F,79944.12,,45
448059918,Dorothy,A,Davis,1978-05-08,1049 Pine Ave,M,108552.88,,1
203467018,James,L,Green,1957-06-26,3040 Cedar Dr,M,91478.33,,2
920027849,Kimberly,H,Lopez,1959-06-27,2284 Park Ln,M,74953.89,,26
354231714,Charles,J,Lee,1980-12-27,5445 Maple Ct,F,50369.46,,14
590523712,Lisa,G,Harris,1985-02-08,6348 Lake Ln,F,129415.37,,1
761975126,Barbara,L,Nelson,1975-01-05,7614 Main Ct,F,34768.89,,45
561411684,Jessica,N,Gonzalez,1988-05-12,2331 Washington Way,F,55016.83,,41
867074846,Brian,E,Anderson,1963-03-23,7291 Lincoln Ln,M,110408.84,,8
866992315,Margaret,R,Thomas,1992-02-20,179 Oak Ave,M,52775.93,,27
490392385,Nancy,K,Davis,1961-11-01,9140 Main Ln,F,116367.97,,25
502651705,Sarah,N,Walker,1972-10-15,8904 Maple Blvd,F,98777.89,,18
949436665,Joshua,W,Mitchell,1995-04-02,7898 Cedar Blvd,M,140409.67,,33
833238075,Dorothy,J,Thompson,1995-08-16,2609 Lincoln Ln,M,38772.96,,42
507104143,Amanda,F,Flores,1991-05-13,9077 Oak Rd,F,66815.4,,1
529151399,Amanda,W,Perez,1956-02-09,3025 Lake Rd,M,58673.1,,1
783417080,Michelle,S,Lopez,1989-04-12,1688 Main Ln,M,135886.78,,47
615793279,Donna,P,Baker,1989-05-28,7020 Oak Ave,M,69513.14,,5
809960056,Barbara,B,Mitchell,1979-11-02,3342 Main St,M,102501.98,,17
918500336,John,B,Hill,1968-12-22,4901 Maple Way,M,74501.09,,13
896209276,Anthony,R,Jackson,1965-12-14,6886 Main Ave,M,47011.89,,32
670201461,Joseph,H,Brown,1961-07-11,7839 Elm Blvd,M,48935.56,,1
158011705,Carol,M,Jackson,1968-07-09,5577 Lake Ct,M,33574.74,,5
940035404,Timothy,K,Rivera,1975-12-02,4548 Washington Ave,F,134016.34,,25
203917887,George,H,Lewis,1960-02-17,1495 Maple Ave,F,110259.37,,23
790756707,Matthew,N,Thomas,1960-08-15,9488 Lincoln Ave,F,78118.86,,9
840309605,Donna,J,Miller,1991-04-06,4535 Maple Dr,M,27734.64,,32
422468580,Steven,K,Nelson,1981-06-13,4944 Park Blvd,M,83636.29,,1
968032765,Brian,D,Miller,1965-03-05,9320 Oak Ct,F,67667.83,,46
253110618,Christopher,M,Torres,1979-07-10,7418 Main Ave,M,21761.01,,19
900073006,David,A,Brown,1955-06-07,2742 Park Ln,M,90716.34,,14
977784205,Christopher,E,Nguyen,1990-09-08,2240 Main St,M,37513.12,,25
719843588,Joshua,G,Hall,1955-11-05,313 Main St,M,147227.82,,19
145965208,Kevin,G,King,1978-07-16,7548 Oak St,F,33419.25,,35
594301215,Nancy,K,Thompson,1961-01-12,3150 Washington Ln,M,33173.91,,33
288320743,Donald,N,Smith,1959-06-08,5167 Pine Dr,M,56181.02,,48
988286002,William,J,Walker,1966-09-06,9274 Lake Ln,F,20657.39,,7
339314901,Stephanie,R,Scott,1979-02-07,7793 Elm Ln,F,73681.52,,43
907034823,Kimberly,S,Robinson,1967-05-22,8257 Lincoln Rd,F,125232.61,,36
793014773,Donald,F,Jones,1984-11-07,3349 Lincoln Dr,M,144369.83,,3
309000988,Sandra,P,Scott,1967-05-18,2407 Washington Way,M,70493.86,,31
195535272,Betty,L,Roberts,1972-03-28,3798 Cedar St,M,69030.28,,16
287455232,James,D,Garcia,1970-08-28,9599 Park Rd,F,22932.66,,38
747073692,Melissa,C,Jones,1961-05-27,3028 Park Ave,F,91947.03,,25
786569718,Matthew,B,Smith,1989-01-04,7875 Lake Way,F,112425.72,,37
669200353,David,D,Johnson,1985-03-18,8758 Lincoln St,F,37888.24,,31
788232308,Amanda,B,Lee,1982-07-09,2094 Park Ct,F,66991.34,,50
945935953,Kenneth,D,Allen,1959-12-28,6593 Lincoln Ct,F,86844.52,,6
504040007,Ashley,H,Carter,1961-07-05,5315 Main Way,F,136742.77,,45
465708674,Joshua,N,Roberts,1975-01-21,4578 Lincoln Ct,M,66255.46,,26
519921150,Barbara,B,King,1977-09-03,8240 Cedar Ln,M,80783.97,,24
154544899,Jennifer,P,Moore,1957-01-11,2243 Cedar Blvd,F,94134.88,,1
972717220,Matthew,M,Harris,1966-12-01,2144 Lincoln Ln,M,77795.1,,16
795720929,Betty,A,Scott,1990-03-04,784 Oak Way,M,59609.85,,49
869645166,Nancy,D,Carter,1981-01-21,9747 Elm Ct,F,105599.37,,34
551478978,Nancy,M,Taylor,1992-05-15,2029 Lincoln St,M,81388.56,,14
189535259,Donald,G,Miller,1989-10-07,9902 Lincoln Rd,M,95622.76,,9
852242243,Michelle,D,Ramirez,1970-08-12,6405 Main St,M,103641.83,,12
952508471,Jennifer,M,Ramirez,1985-11-28,1745 Washington Rd,M,112552.46,,35
291027373,Margaret,C,Gonzalez,1960-02-23,9897 Washington Rd,M,113065.45,,36
524330442,Donald,E,Carter,1988-08-20,9533 Elm Way,M,101021.08,,6
920184955,Margaret,M,Williams,1980-01-19,9304 Pine Ln,F,22205.95,,1
911101211,Michael,T,Roberts,1975-07-15,2800 Cedar Dr,M,80081.77,,6
786188102,Jennifer,S,Nguyen,1989-03-04,3268 Cedar Way,M,94427.57,,23
158591050,Joseph,F,Williams,1985-05-06,7753 Washington Ave,F,25302.92,,24
897281186,Patricia,K,White,1960-10-12,7575 Lincoln Blvd,F,105618.17,,25
245797792,Dorothy,D,Robinson,1972-04-01,7060 Park Ave,M,118482.66,,19
877817678,William,J,Williams,1986-12-15,9259 Cedar Ct,M,93671.23,,36
419245200,Andrew,N,Anderson,1994-12-03,9573 Elm Ln,F,28745.07,,35
954281797,Karen,E,Allen,1992-08-07,1433 Lincoln Ave,M,86119.79,,50
221265692,Anthony,R,Williams,1959-05-21,5248 Oak Dr,F,87482.96,,46
270036116,Kevin,A,Green,1995-05-04,9041 Elm Dr,F,108965.0,,50
533950946,Andrew,W,Anderson,1957-06-06,1796 Washington St,M,95986.84,,13
759419497,Karen,S,Davis,1961-04-28,6758 Pine Dr,F,99248.94,,13
109099680,Michelle,F,Lewis,1977-12-07,2580 Washington Ct,M,31269.44,,8
973851617,Kimberly,G,Garcia,1992-01-21,1676 Pine St,M,136127.83,,25
522809954,Michael,E,Lee,1992-01-28,5081 Lincoln Blvd,M,77444.89,,32
259831058,Carol,A,Williams,1979-05-05,5503 Washington St,F,82158.13,,27
221908669,Daniel,N,Rivera,1963-08-27,8114 Lake Way,M,23765.13,,19
808191951,Betty,A,Roberts,1976-09-15,1818 Cedar Way,M,115223.65,,35
551125671,Matthew,A,Carter,1991-07-16,196 Maple Rd,F,118275.98,,1
874768179,Anthony,D,Taylor,1994-04-07,2078 Washington Dr,F,127192.04,,14
604708275,Timothy,S,Mitchell,1959-09-05,4338 Lake St,M,132618.84,,31
779807255,Brian,G,Rivera,1978-10-22,8479 Lake Blvd,F,126803.81,,22
246148980,Stephanie,D,Martinez,1961-03-15,7735 Maple Way,M,89670.19,,15
207395318,Donna,S,White,1972-07-13,1858 Lincoln Way,F,39261.65,,20
509375233,William,F,Roberts,1981-06-23,4838 Oak Ave,F,102241.12,,40
437276949,Matthew,S,Williams,1987-07-15,530 Oak St,M,106064.82,,17
412288779,Betty,P,Williams,1979-04-07,1328 Main Ct,M,124614.44,,11
925163204,Brian,W,Clark,1991-06-01,7981 Pine Blvd,M,115240.46,,48
364309534,Stephanie,S,Baker,1961-06-01,4757 Elm Way,F,96744.0,,8
673717006,Mary,H,Gonzalez,1962-09-07,7002 Elm Ave,M,51153.97,,43
958899743,Charles,W,King,1978-12-04,850 Main Ct,M,126839.03,,49
105423527,Anthony,G,Johnson,1981-11-05,4601 Cedar Ct,F,32629.2,,16
680487005,Barbara,C,Nelson,1965-03-08,5822 Maple Blvd,M,148979.6,,45
745145663,Barbara,F,Flores,1987-05-06,5714 Lincoln Ave,M,69167.48,,10
687098523,Susan,A,Lewis,1994-08-19,9536 Washington Way,F,128432.53,,18
187268291,George,H,Martin,1967-12-25,2274 Cedar St,F,111768.82,,13
905668951,Sandra,H,Allen,1975-03-15,8222 Park Ln,F,35764.35,,15
452852019,David,D,Robinson,1957-08-08,160 Pine Dr,F,101109.6,,17
384360513,Michelle,P,Johnson,1972-08-17,5218 Main Ave,F,21509.98,,37
947551829,Stephanie,H,Moore,1989-07-18,8321 Pine St,F,37869.72,,18
496791155,Jessica,K,Torres,1982-12-15,8634 Main Ct,F,139339.38,,47
542837170,Susan,A,Torres,1957-11-03,4701 Cedar Ct,M,124252.33,,3
979567192,William,D,Gonzalez,1983-07-25,207 Pine Ct,F,57278.58,,12
884538138,Jessica,J,Lopez,1971-10-04,2175 Park Way,F,94835.24,,39
686429833,Margaret,R,Hall,1965-01-05,675 Oak Ln,M,70820.08,,28
178951929,Donald,S,Brown,1982-03-07,7554 Main Way,F,37732.6,,48
659957480,Matthew,E,Mitchell,1968-07-20,1017 Pine Way,M,126925.65,,37
568224996,Thomas,S,Hall,1962-06-17,9525 Oak Rd,M,95615.08,,11
716182316,Karen,R,Thomas,1984-03-23,1900 Pine Blvd,M,28719.62,,26
975353559,John,H,Jones,1960-12-27,6093 Park Ct,F,23638.62,,48
637912256,Kimberly,F,Moore,1976-12-05,7729 Lake St,F,24880.33,,45
365762299,Donald,D,Williams,1956-10-22,4862 Pine Blvd,M,120783.35,,8
651028717,Kimberly,D,Hall,1968-08-16,634 Main Ln,M,98208.03,,28
417851397,Thomas,R,Brown,1961-03-28,746 Cedar Ln,F,75379.38,,9
575868914,Carol,M,Allen,1969-12-08,3613 Washington Rd,F,78435.93,,18
288818473,Richard,J,Martinez,1989-10-07,2131 Elm Dr,M,130320.12,,50
412527533,Betty,A,King,1992-11-22,2469 Oak Dr,M,74867.95,,14
302379343,George,D,Williams,1981-10-25,356 Pine Dr,M,33116.57,,4
203858858,Mary,S,Ramirez,1956-10-26,5577 Cedar Dr,M,81564.95,,23
867640638,Anthony,T,Torres,1969-12-03,3953 Maple St,M,149207.69,,3
922912926,Margaret,F,Hernandez,1994-11-06,5435 Park Ct,F,121368.14,,19
123745996,Emily,R,Scott,1958-06-16,2522 Elm Ln,M,144115.45,,19
694931167,Joseph,R,Moore,1991-01-15,7274 Lincoln Way,M,143911.32,,12
634050562,Deborah,A,Miller,1980-07-02,9228 Park St,M,122931.83,,41
449849361,Susan,F,Martinez,1991-10-20,3607 Washington Blvd,M,115264.67,,22
762562441,Dorothy,L,Robinson,1970-07-13,785 Lake Way,F,71239.59,,49
575839885,Kenneth,E,Rodriguez,1988-03-01,675 Maple Ln,F,80735.15,,36
196814848,Emily,K,Campbell,1990-10-12,5793 Cedar Dr,M,79118.67,,27
767129282,Thomas,W,Lewis,1962-12-09,8529 Maple Ln,M,53186.98,,33
455440732,Michael,C,Smith,1957-10-02,7010 Oak Ln,M,20730.42,,50
750527812,Sarah,K,Jackson,1991-08-21,3399 Cedar Ct,M,143631.72,,25
366844653,Robert,D,Smith,1956-10-02,283 Cedar St,F,77857.88,,48
760938831,Karen,M,Moore,1971-11-26,302 Elm Rd,F,128679.97,,13
499092905,Patricia,D,Nelson,1992-02-16,9830 Main St,M,67481.75,,7
573330302,John,M,Campbell,1963-02-10,5452 Washington Blvd,M,60573.65,,1
900618265,Sarah,E,Smith,1972-11-09,1501 Pine Rd,F,94240.74,,4
637783898,Daniel,M,Flores,1990-03-26,1200 Lincoln Way,F,133617.0,,38
282550509,Amanda,N,Taylor,1980-01-22,9460 Elm Ct,F,30801.96,,49
108564266,Timothy,R,Rodriguez,1958-12-06,1986 Lincoln St,F,62487.05,,35
969251370,Deborah,A,Carter,1995-06-13,1694 Washington Ln,F,73550.85,,5
966616964,Carol,T,Smith,1990-05-22,1797 Main Rd,M,121177.13,,1
415697820,Steven,B,Miller,1982-05-10,966 Pine Ct,M,108666.34,,8
799573076,Richard,L,Allen,1960-02-06,8914 Park St,M,47401.59,,42
824418845,Lisa,L,Anderson,1991-09-14,2463 Park Ln,M,146215.51,,5
456715514,Michelle,N,Perez,1983-06-14,9838 Main Rd,F,98417.46,,46
366881610,Anthony,E,Miller,1987-10-09,5468 Maple St,F,83116.06,,5
141110761,Barbara,D,Harris,1987-12-03,5634 Cedar Way,F,22909.85,,49
310741952,Sarah,L,Williams,1976-06-16,4051 Park Ln,F,49585.1,,37
804560130,Michelle,R,Lee,1991-03-07,897 Cedar Ln,M,116694.0,,37
109115922,Barbara,W,Ramirez,1986-02-26,2588 Oak St,F,43084.5,,10
955681940,Timothy,J,Brown,1957-11-14,4269 Cedar Ln,F,104786.91,,23
137080585,Carol,K,Lee,1991-10-02,8483 Oak Blvd,F,28304.13,,6
760965579,Andrew,R,Gonzalez,1968-11-11,5010 Lake Rd,F,113312.86,,24
970736744,Paul,C,Wilson,1959-01-09,5544 Oak Blvd,F,120708.82,,44
850304499,Kenneth,C,King,1964-10-15,1270 Washington Ave,F,79916.9,,45
595367749,David,P,Jackson,1994-01-23,8570 Main Ct,F,31757.3,,34
912638078,Ashley,K,Lewis,1965-03-13,4825 Oak Ln,F,105304.78,,45
466271821,Patricia,T,King,1992-09-28,7090 Cedar Ln,F,61415.18,,13
333969748,Donna,C,Williams,1982-06-23,1144 Park St,M,148197.84,,32
710607239,Mary,F,Gonzalez,1967-01-08,641 Lincoln St,F,111602.41,,19
362585121,John,S,White,1979-03-06,679 Park Way,M,61834.26,,28
454686942,Christopher,R,Young,1956-02-16,1949 Maple Ct,F,129949.61,,20
462625117,Deborah,T,Scott,1995-02-21,1476 Cedar Ln,F,101388.56,,34
952666025,Sarah,C,Perez,1965-03-21,9422 Elm St,F,48394.32,,47
150305579,Barbara,D,White,1959-07-16,6075 Park Way,F,72556.38,,17
941600554,Sarah,S,Harris,1962-04-16,9830 Elm St,F,141410.17,,10
705202509,Paul,C,Johnson,1985-10-21,6425 Cedar Way,F,138331.34,,17
356215726,David,L,Baker,1959-03-06,5542 Lincoln Blvd,M,106584.08,,29
999381416,Dorothy,P,Roberts,1979-04-22,7311 Main Dr,F,27062.35,,18
131464348,Stephanie,J,Brown,1985-09-12,9668 Pine Blvd,M,52221.42,,17
879749812,Emily,W,Martinez,1975-12-21,5781 Washington Blvd,F,68374.29,,24
321074031,Brian,C,Jones,1986-01-07,315 Pine Ct,F,44429.27,,8
864626275,Timothy,M,Nguyen,1962-02-20,1142 Park Way,M,115232.32,,17
462973315,Anthony,J,Gonzalez,1976-01-05,3446 Park Ln,M,50630.24,,6
947782657,Sandra,S,Wilson,1958-04-28,475 Washington Rd,F,102639.35,,7
656302923,Stephanie,N,Lopez,1956-10-21,3155 Lake Ct,M,64716.02,,48
826583015,Karen,T,Lee,1994-06-19,2818 Main Rd,M,124365.78,,47
263894795,Amanda,S,Jones,1960-02-03,7175 Elm Ln,M,36691.12,,1
208890152,Amanda,T,Allen,1995-01-18,8177 Lake Ave,F,39177.46,,17
480035335,Joshua,N,Carter,1971-09-14,2834 Park Ct,M,124629.03,,15
489707503,Jennifer,T,Rivera,1979-12-26,8483 Lake Blvd,F,91544.97,,4
991541224,Robert,S,Baker,1956-03-13,5456 Main Rd,M,118822.29,,44
116812751,Jessica,E,Carter,1980-02-10,2761 Lake Dr,F,108014.55,,36
691039645,Kevin,F,Mitchell,1969-11-23,5586 Lincoln Ave,F,115141.11,,25
623837795,Emily,N,Hill,1988-11-13,789 Lake Ave,M,94831.32,,9
600368062,Michael,S,Carter,1975-04-12,5226 Washington St,M,116362.81,,3
615057244,Paul,S,Thompson,1991-09-11,6463 Cedar Blvd,M,61454.08,,16
145766573,Paul,A,King,1961-12-22,6100 Lincoln Ave,M,97057.16,,48
228527911,George,P,Smith,1994-11-07,6518 Maple Ln,M,135164.91,,6
679464236,Joseph,C,Lewis,1974-06-14,4356 Main Rd,M,20012.01,,50
920583443,John,F,Perez,1959-02-09,2414 Washington Blvd,F,91943.0,,30
134075063,Charles,P,Lopez,1963-11-24,6987 Maple Way,F,133050.64,,26
144157616,Donna,F,Taylor,1965-09-16,5657 Lincoln Blvd,M,61251.26,,35
904745462,Barbara,H,Hernandez,1966-07-01,3038 Maple Way,M,71345.19,,1
993908879,Patricia,L,King,1970-02-25,9929 Lake Ct,M,101295.34,,39
287598577,Steven,B,Jones,1976-07-04,3814 Elm Dr,F,53516.88,,23
609561866,Jessica,C,Hernandez,1982-08-16,3890 Elm Blvd,M,76920.38,,26
427413432,Nancy,S,Sanchez,1965-01-12,5865 Maple Rd,M,149479.27,,34
959392452,Jennifer,H,Brown,1972-05-27,9114 Park Ave,F,137821.52,,44
713986637,Mary,H,Hall,1982-02-08,3325 Main Ln,F,28169.74,,42
942211135,Donald,G,White,1991-08-15,4716 Washington Way,M,44506.74,,1
456192204,Matthew,E,Hall,1960-09-24,5766 Oak Ave,F,50178.72,,6
269151193,Jessica,C,Martinez,1981-02-14,3856 Main Rd,F,135230.47,,12
202003827,Timothy,B,Smith,1963-11-21,2893 Maple Ln,F,144161.59,,19
715776454,Donna,F,Rodriguez,1995-09-02,9476 Main St,M,53573.75,,13
466932310,Stephanie,S,Gonzalez,1969-03-05,1364 Cedar Ave,M,39857.88,,1
867281936,Michelle,K,Miller,1995-03-05,4639 Park Ct,M,96359.62,,49
312332805,Carol,R,Rodriguez,1960-06-04,799 Lincoln St,M,140137.12,,29
130250567,David,W,Hill,1981-11-13,6815 Oak Ln,M,58348.08,,35
318125679,Richard,J,Jackson,1986-07-05,7166 Pine Dr,F,114472.05,,14
117629000,John,L,Brown,1976-12-02,6743 Elm Dr,F,142211.67,,36
932803308,Betty,A,Walker,1965-06-04,7813 Park Way,M,138668.3,,44
412832579,Brian,B,Green,1969-10-05,5875 Elm Rd,F,43166.36,,22
591650757,Timothy,B,Hall,1983-02-12,3033 Pine Way,F,70764.5,,14
568849679,Kimberly,L,Lee,1956-08-17,6455 Lincoln Dr,F,38787.05,,6
895555607,Thomas,W,Carter,1966-11-11,1563 Pine Ln,M,116747.29,,21
187583407,Nancy,R,Carter,1961-09-09,434 Lake St,M,108752.31,,8
742642508,George,T,Hernandez,1965-02-01,5812 Pine Ave,F,148464.9,,9
276777762,Matthew,A,Harris,1971-08-10,7030 Park Ct,M,65192.64,,1
599954258,Joshua,K,Campbell,1990-01-22,2294 Cedar Ln,F,95965.0,,24
119744516,Matthew,T,Williams,1971-03-02,4753 Pine Rd,M,80444.91,,2
813956153,Christopher,E,Martinez,1993-05-13,2210 Oak Dr,F,149293.72,,24
447818273,Michael,N,Flores,1992-05-25,7791 Oak St,F,120490.73,,50
561730121,Sarah,W,Sanchez,1967-10-21,6544 Oak Way,M,142120.92,,26
712112671,Daniel,W,Moore,1993-09-06,5402 Cedar Rd,F,143811.65,,34
387393957,Barbara,A,Smith,1961-09-24,5644 Elm Dr,M,82455.31,,38
285521063,Barbara,F,Wilson,1961-01-13,7837 Main Rd,F,45708.34,,33
897662466,Paul,F,Gonzalez,1968-12-16,4630 Lake Rd,M,116610.44,,1
177957915,Michael,W,Lewis,1963-04-24,3614 Pine Ln,M,24760.06,,2
456196659,Michelle,G,Rodriguez,1976-12-06,5401 Oak St,M,96259.19,,11
112724887,Mary,T,Campbell,1972-09-10,380 Park Way,M,33912.14,,8
189370596,Timothy,K,Hill,1989-03-18,2978 Cedar Way,F,59760.15,,20
924570922,Daniel,E,Allen,1961-07-27,1852 Maple Ave,F,89256.92,,27
829548792,David,B,Miller,1977-08-06,959 Elm Ln,F,146064.51,,42
270789864,Linda,J,Anderson,1970-01-21,9237 Oak St,M,82230.12,,4
644910454,Jessica,P,Brown,1990-06-09,5303 Washington Way,F,75275.91,,18
414778396,Richard,E,Wilson,1980-03-06,2091 Washington St,F,98320.43,,50
117585787,Joseph,R,Taylor,1986-07-15,7721 Maple Dr,F,36953.83,,5
943687944,Charles,W,Thompson,1981-05-13,8055 Lake Ct,M,42385.96,,27
758130257,Timothy,J,King,1975-07-06,5269 Lincoln Blvd,F,26918.88,,11
845320049,Christopher,T,Baker,1977-08-12,7106 Lincoln Way,F,79966.92,,37
676986599,Susan,F,Johnson,1986-09-04,1260 Pine Ct,F,74478.62,,49
332670123,Brian,E,Martinez,1965-12-17,376 Elm Rd,F,149627.98,,24
318955963,Donna,N,Martinez,1983-04-24,7209 Maple Blvd,F,32179.84,,13
677303044,Michelle,E,Moore,1960-05-03,8477 Pine Blvd,F,70795.1,,42
512273781,Donald,P,Martin,1991-03-04,5428 Elm Blvd,F,125672.83,,3
560280392,Sandra,B,King,1961-02-24,2210 Washington St,M,142700.23,,5
662431852,William,P,Roberts,1964-11-19,2689 Maple Ave,M,43937.58,,11
563938734,Ashley,N,Nelson,1966-12-19,1665 Washington St,M,135120.44,,12
243040275,Kenneth,W,Gonzalez,1967-05-16,7268 Cedar Dr,M,116480.01,,29
445331485,Stephanie,K,Harris,1984-09-21,5986 Cedar Rd,F,86666.15,,33
171508836,Matthew,J,Nelson,1978-02-01,4892 Washington Dr,F,86110.24,,47
977317305,Jessica,P,Perez,1961-02-17,9649 Pine Rd,M,75523.74,,24
781887358,Emily,J,Rodriguez,1995-05-20,8840 Elm Blvd,M,25136.02,,1
541608179,Michael,S,Mitchell,1994-09-04,7376 Park St,F,130721.68,,15
998954542,Joseph,S,Baker,1984-03-20,4743 Main St,F,60155.89,,46
930627638,Jessica,P,Miller,1968-09-27,7230 Elm Blvd,M,79699.28,,23
942358213,Lisa,H,Robinson,1978-10-16,3301 Park Dr,M,20829.12,,28
479889481,Margaret,E,Harris,1961-12-27,4915 Lake Ave,F,149927.06,,30
422913264,Melissa,E,Robinson,1958-09-14,6924 Park Blvd,F,51571.61,,15
538675806,Thomas,F,Green,1982-02-05,1917 Main St,M,88739.05,,16
962882603,Jessica,P,Young,1955-05-21,2698 Maple Rd,F,99511.48,,40
938967476,Matthew,S,Campbell,1993-03-25,2369 Park Ct,F,106738.7,,11
822951244,Sarah,A,Clark,1957-01-01,2612 Maple Ln,F,42153.4,,38
606917907,David,P,Adams,1957-01-04,3443 Washington Ln,M,26188.71,,19
300953401,Emily,J,Thomas,1972-08-20,5721 Maple Blvd,F,75112.57,,28
746308250,John,E,Wright,1977-02-11,5266 Pine Dr,M,59380.84,,29
590483627,Andrew,B,Scott,1984-11-26,5149 Oak Way,F,126138.92,,49
267182869,Brian,G,Rivera,1955-09-26,1866 Lincoln Blvd,M,110341.86,,21
138330751,Richard,A,Campbell,1992-04-16,6469 Elm Rd,F,89412.21,,30
637412357,Anthony,E,Hill,1985-12-07,9530 Park Rd,M,52393.04,,8
851057979,Donald,A,Williams,1958-05-13,6896 Washington Ave,F,145460.52,,42
688389510,Matthew,R,Davis,1990-02-11,4134 Maple Blvd,M,144850.32,,33
148873346,Brian,C,Thompson,1987-02-10,5037 Lake Ave,F,119485.65,,30
884227355,George,M,Young,1980-07-13,6213 Washington Ct,F,103336.33,,39
610173760,Michelle,C,Robinson,1981-11-19,3285 Washington Ct,F,69519.51,,1
208880800,Margaret,D,Allen,1975-08-12,1476 Lincoln Ave,M,63678.47,,5
230833665,Patricia,H,Clark,1995-10-15,1129 Elm Ct,M,38958.65,,1
591313587,Barbara,L,Rivera,1966-02-16,5549 Main Ln,M,20612.76,,19
795398363,Jennifer,A,Walker,1974-03-23,7624 Lake St,F,80288.88,,10
197820759,Charles,R,Thompson,1974-07-20,2969 Washington Dr,M,136995.4,,48
563120635,Betty,M,Thomas,1975-09-12,1362 Main Ln,M,123422.42,,39
526162812,George,E,Thomas,1962-10-24,8296 Elm Rd,F,134993.43,,17
218974458,Patricia,K,Jones,1971-06-23,6318 Cedar Blvd,M,95848.92,,9
140177565,Deborah,C,Lewis,1978-10-21,582 Main Ln,M,110834.34,,26
656307931,Barbara,K,Hernandez,1965-06-23,3794 Maple Rd,M,27518.16,,1
100308454,David,C,Moore,1980-06-22,6574 Washington Dr,M,115800.32,,6
293986672,Joshua,F,Smith,1990-08-26,5249 Elm St,M,94760.53,,43
495461170,John,K,Martinez,1992-01-04,3564 Maple Ln,M,69249.16,,39
226923950,Mary,R,Green,1962-12-28,3496 Lake Way,F,25913.98,,24
269118504,George,P,Green,1986-11-11,2954 Park Ln,M,106519.12,,13
110290140,Dorothy,E,Gonzalez,1979-09-17,8209 Washington Ct,F,112318.51,,30
979339361,Carol,E,Thomas,1961-03-09,3332 Main Blvd,M,25314.38,,1
592265554,Deborah,C,Nguyen,1961-09-05,6561 Elm St,F,106117.71,,10
583048762,Kevin,C,Nelson,1975-09-04,476 Main Ave,M,29673.9,,25
270643164,Dorothy,C,Lopez,1989-06-06,4302 Washington Rd,F,57011.63,,38
729401014,Brian,M,Lewis,1992-10-06,7429 Oak Ct,F,135128.5,,7
754940806,Daniel,L,Thomas,1958-03-09,6165 Pine St,M,142403.08,,13
921075090,Betty,G,Thompson,1964-05-15,8765 Cedar Ave,F,35480.72,,39
919439714,William,P,Lee,1983-08-28,2287 Cedar Blvd,F,123938.73,,14
617724535,Kevin,W,Thomas,1970-04-06,1565 Elm Way,M,40830.59,,22
677419345,Patricia,P,Mitchell,1987-09-28,3021 Park Ln,M,138386.07,,8
647832061,Nancy,J,Wright,1995-06-24,9739 Washington Ln,F,122389.01,,41
320531781,Betty,F,Campbell,1973-12-15,8388 Lincoln Ave,M,104122.09,,23
997949119,Paul,T,Green,1992-05-22,8426 Oak Ave,F,136241.27,,21
536354332,Thomas,T,Campbell,1955-08-27,2159 Lincoln Ave,M,48420.96,,14
173321814,Donald,R,Green,1974-05-19,1020 Maple Ave,F,33852.27,,1
681172939,Deborah,R,Martinez,1959-12-11,4558 Oak Way,F,34668.88,,31
889435015,Timothy,D,Young,1961-03-06,2428 Lincoln Way,F,52470.53,,37
420192227,Charles,R,Campbell,1988-10-17,5635 Washington Blvd,F,149498.06,,33
725412469,George,A,Taylor,1978-12-08,1117 Elm Ct,F,40763.19,,45
222599500,Dorothy,H,Jones,1967-07-11,6686 Maple Ave,M,61806.69,,15
958254837,Christopher,L,Jones,1968-01-11,5669 Lincoln St,M,102344.32,,29
259937739,Deborah,H,Jones,1957-12-05,8110 Oak Ct,M,51548.73,,43
994779063,Emily,E,Miller,1972-02-15,4537 Washington Ave,M,129165.5,,41
101178290,Mark,D,Garcia,1977-03-08,9123 Oak Blvd,M,76088.38,,12
694205108,Joshua,K,Roberts,1956-11-10,3466 Park Dr,F,58420.47,,5
781654847,Kevin,M,Jones,1989-07-07,7139 Pine Ct,F,61972.47,,20
396222040,Patricia,J,Harris,1956-09-09,3795 Main Ln,F,105401.13,,7
274747388,John,K,Hill,1976-07-04,2636 Elm Dr,F,83212.17,,2
682771762,Karen,F,Jackson,1977-07-01,7419 Maple Rd,M,97451.26,,24
929541677,Amanda,J,Thomas,1982-10-20,8977 Cedar St,M,36493.63,,4
657202202,Thomas,N,Scott,1975-01-20,5350 Lincoln Rd,F,49146.87,,14
716247535,Ashley,G,Carter,1959-11-14,4636 Lincoln Ct,M,104557.68,,6
799597461,William,K,Torres,1981-08-03,8299 Pine Blvd,F,90257.17,,12
694164665,Charles,E,Green,1986-02-28,300 Lake Rd,F,88297.66,,1
733671981,Thomas,G,Allen,1994-12-28,7554 Washington St,F,56622.81,,9
495720862,William,C,Robinson,1978-06-17,5250 Elm Ct,F,79399.36,,47
643189555,Thomas,E,Thompson,1959-04-12,4769 Main Ct,F,98934.61,,1
530489781,Robert,R,Jackson,1974-06-03,9161 Lincoln St,F,46087.25,,38
210397096,Paul,K,Miller,1987-07-05,119 Pine St,M,75527.61,,11
852616356,Amanda,N,Clark,1979-12-16,2369 Maple Blvd,M,60455.4,,13
997777024,Mary,B,Hall,1962-07-15,6330 Elm Rd,F,111242.87,,15
572307673,Jennifer,G,Hall,1977-09-24,9923 Washington Dr,M,65919.88,,41
412433640,Jennifer,D,Garcia,1976-12-19,3182 Elm Ln,M,130932.94,,26
585230723,Lisa,G,King,1974-03-04,6231 Oak Dr,M,77690.63,,3
449485406,Carol,T,Nelson,1957-01-01,2590 Lincoln Blvd,M,28542.64,,13
320547840,Donna,G,Lopez,1977-01-03,2484 Cedar Ln,F,40872.45,,34
485742696,Timothy,G,Hernandez,1980-01-08,3775 Main Dr,M,96660.07,,12
347852194,Deborah,W,Roberts,1971-08-06,3950 Oak Dr,F,113176.05,,10
132437248,Thomas,T,King,1980-10-22,3929 Main St,F,121422.37,,17
958494527,Daniel,C,Martinez,1972-01-11,6247 Park Blvd,F,44359.26,,9
803411698,Thomas,H,Wright,1990-02-27,9322 Cedar St,F,52407.77,,47
196476756,Kimberly,H,Clark,1971-08-06,3441 Park Ct,F,23149.3,,12
146641502,Brian,T,Ramirez,1969-08-26,6346 Maple Ave,F,37404.8,,32
445565285,Kenneth,H,Rivera,1992-10-08,4181 Lincoln Ct,M,60749.81,,8
662622237,Timothy,C,Miller,1971-10-05,1481 Washington Rd,M,52161.55,,20
968098708,Brian,W,Scott,1969-06-24,6283 Maple Ave,F,95534.39,,44
523826048,William,G,Moore,1962-10-01,3543 Elm St,F,33903.97,,15
686419353,Steven,L,Adams,1973-08-10,9499 Main Ct,F,109589.11,,48
640031385,Mark,J,Miller,1959-04-06,5432 Lincoln Ct,M,121559.63,,26
179269797,James,N,White,1974-02-23,1579 Pine Rd,M,125009.17,,36
385361208,Emily,J,Garcia,1967-12-27,1143 Main Rd,M,47005.17,,17
582409760,Patricia,J,Campbell,1978-05-05,1824 Park Ln,F,68470.29,,4
858407682,Linda,R,Ramirez,1986-05-03,2341 Cedar Ave,F,124473.34,,49
630999472,Brian,P,Clark,1958-11-04,4690 Cedar Rd,F,74553.9,,18
945876699,Sandra,N,Johnson,1993-04-03,4525 Elm Ave,F,28574.72,,42
701524230,Kevin,E,Rivera,1995-03-06,5895 Washington St,F,43795.26,,41
688574163,Margaret,J,Garcia,1980-09-14,2236 Main Ct,M,83421.94,,43
753770973,Sarah,F,Martin,1990-01-18,6784 Elm Dr,M,86916.37,,1
675992495,Paul,D,Harris,1973-10-18,558 Cedar Rd,F,21283.92,,40
800138394,John,H,Nelson,1992-05-13,4447 Oak Dr,M,48834.12,,30
313265406,Sarah,C,Green,1967-08-07,2307 Washington Ln,M,25097.45,,28
237280207,Richard,C,Lopez,1991-10-12,7375 Oak Rd,F,37538.3,,47
360521605,Richard,K,Torres,1980-01-11,229 Elm Way,F,130320.11,,49
764249151,David,W,Jackson,1966-03-27,2614 Main Dr,M,25349.69,,22
773224887,Steven,M,Davis,1958-11-04,7452 Cedar St,F,64067.44,,17
713461653,Richard,W,Flores,1988-04-08,1273 Cedar Way,F,109015.94,,38
536187136,Donna,M,Wright,1964-07-22,4458 Elm Way,F,64813.27,,42
812154253,Thomas,T,Johnson,1990-06-04,3287 Pine Ave,M,105111.17,,50
889676079,Sarah,T,Smith,1971-05-25,2742 Elm St,M,84210.0,,48
252122560,Daniel,K,Perez,1984-04-17,8012 Maple Ct,M,76961.57,,46
662714327,Kimberly,F,White,1978-05-13,6797 Maple St,F,21977.36,,1
751905483,Dorothy,D,Carter,1987-03-27,3375 Washington St,M,21840.73,,9
292998003,Mary,J,Wilson,1970-12-27,9595 Lincoln Ave,F,72233.72,,4
951995296,Anthony,S,Martin,1970-04-18,870 Oak Ln,F,66415.7,,12
976403466,Linda,A,Lopez,1969-03-01,366 Elm Way,F,76416.17,,9
798111347,Nancy,K,Wright,1993-06-10,7799 Park Ct,F,118464.3,,46
824890370,Christopher,W,Lee,1965-03-19,5101 Main Ln,M,112664.35,,22
246544896,Christopher,R,Young,1984-02-03,9085 Pine Ct,M,81202.41,,19
942792459,James,T,Anderson,1989-07-18,9200 Park Ave,F,88788.02,,45
495514868,Ashley,T,Sanchez,1995-02-22,600 Pine Ln,F,97225.67,,13
347087743,Joshua,M,Anderson,1995-04-20,4206 Main Ave,M,74715.32,,1
146744734,Kenneth,N,White,1971-12-01,5950 Elm Ln,M,41988.23,,1
237096167,Lisa,P,Allen,1977-05-19,8966 Main Blvd,F,60127.67,,23
897344195,Patricia,T,Martin,1991-12-22,5269 Park St,M,95061.69,,23
961425250,Andrew,R,Lopez,1994-07-25,5975 Lake St,M,82800.36,,33
378859607,James,M,Johnson,1988-10-25,2472 Lincoln Dr,F,116486.48,,22
524971817,William,K,Robinson,1975-02-01,7608 Lake Ave,M,93011.21,,1
244564312,Dorothy,A,King,1958-09-14,9686 Lincoln Blvd,M,114964.31,,10
648085639,Dorothy,R,Garcia,1979-10-10,7698 Main Blvd,F,74836.14,,41
982764505,Kimberly,E,Wilson,1957-08-13,8658 Elm St,F,141203.85,,45
216576275,Mary,G,King,1987-11-14,2550 Lake Ave,M,81862.99,,41
674960654,Richard,S,Perez,1969-01-15,6968 Park Ave,M,43667.95,,20
704604243,Robert,K,Garcia,1980-12-04,2388 Park Rd,F,47410.52,,34
799506796,Lisa,G,Martinez,1988-04-02,9930 Washington Ln,M,113766.82,,43
141966685,Margaret,N,Jackson,1990-10-02,396 Park Blvd,F,89503.37,,18
211190223,Matthew,L,Allen,1979-07-20,4167 Cedar Way,F,146163.91,,30
641949014,Jennifer,H,Ramirez,1973-07-05,2265 Maple Ave,F,94287.28,,5
786606073,Margaret,L,Flores,1986-11-06,6370 Pine Rd,F,65577.21,,30
691916368,Barbara,N,Gonzalez,1993-09-24,2336 Elm Rd,F,77190.68,,1
292360970,Barbara,C,Lewis,1992-08-24,8927 Lake Ave,M,58901.16,,36
239379856,Barbara,H,Nelson,1960-12-04,6716 Cedar Ave,M,49409.04,,13
698779777,James,L,Perez,1975-06-27,7380 Main Ct,F,47382.86,,46
846305497,Joshua,K,Campbell,1991-05-02,7852 Lake Blvd,M,105321.59,,20
490831844,Patricia,D,Harris,1978-08-20,769 Maple Ln,M,104262.45,,47
929517022,Margaret,T,Smith,1989-08-14,988 Pine Ln,F,100033.07,,1
145848218,Brian,M,Clark,1984-08-11,6706 Lincoln Ct,F,39849.03,,49
924913247,David,L,Torres,1964-03-28,2469 Main St,F,60048.09,,48
442481169,Sandra,T,Rodriguez,1955-10-05,2169 Maple Ct,M,112339.86,,3
581245766,Dorothy,J,Flores,1966-07-14,3527 Main Ln,F,50312.29,,13
